1,86.7,8.5,47.8,63.5
2,86.7,9.5,47.8,63.5
3,86.7,9.5,47.8,63.5
4,86.7,18.6,47.9,64.0
5,86.7,18.6,47.9,64.0
6,86.7,9.2,47.8,63.8
7,86.7,9.2,47.8,63.8
8,86.7,12.6,47.8,63.8
9,86.7,12.6,47.8,63.8
10,86.7,12.8,48.0,63.6
11,86.7,12.8,48.0,63.6
12,86.7,21.6,48.1,64.0
13,86.7,21.6,48.1,64.0
14,86.7,8.1,48.2,64.0
15,86.7,8.1,48.2,64.0
16,86.7,12.4,48.1,64.1
17,86.7,12.4,48.1,64.1
18,86.7,10.0,48.1,63.6
19,86.7,10.0,48.1,63.6
20,86.7,17.6,48.1,64.3
21,86.7,17.6,48.1,64.3
22,86.7,6.2,48.1,63.6
23,86.7,6.2,48.1,63.6
24,86.7,11.1,48.1,64.0
25,86.7,11.1,48.1,64.0
26,86.7,6.8,47.7,63.8
27,86.7,6.8,47.7,63.8
28,86.7,17.6,48.0,64.0
29,86.7,17.6,48.0,64.0
30,86.7,4.1,47.9,62.6
31,86.7,4.1,47.9,62.6
32,86.7,17.2,48.0,62.3
33,86.7,17.2,48.0,62.3
34,86.7,14.1,47.9,61.8
35,86.7,14.1,47.9,61.8
36,86.7,18.4,48.1,61.8
37,86.7,18.4,48.1,61.8
38,86.7,10.0,48.1,61.9
39,86.7,10.0,48.1,61.9
40,86.7,11.7,48.1,61.6
41,86.7,11.7,48.1,61.6
42,86.7,13.5,48.0,62.8
43,86.7,13.5,48.0,62.8
44,86.7,11.6,48.0,62.3
45,86.7,11.6,48.0,62.3
46,86.7,13.3,48.1,62.1
47,86.7,13.3,48.1,62.1
48,86.7,12.0,48.1,62.3
49,86.7,12.0,48.1,62.3
50,86.7,8.3,48.1,62.4
51,86.7,8.3,48.1,62.4
52,86.7,10.5,48.1,63.4
53,86.7,10.5,48.1,63.4
54,86.7,7.8,48.1,63.1
55,86.7,7.8,48.1,63.1
56,86.7,9.9,47.9,64.0
57,86.7,9.9,47.9,64.0
58,86.7,6.0,47.9,63.5
59,86.7,6.0,47.9,63.5
60,86.7,5.9,47.9,63.5
61,86.7,5.9,47.9,63.5
62,86.7,5.8,47.9,63.4
63,86.7,5.8,47.9,63.4
64,86.7,10.3,47.8,64.0
65,86.7,10.3,47.8,64.0
66,86.7,6.4,47.9,63.8
67,86.7,6.4,47.9,63.8
68,86.7,6.0,47.9,63.4
69,86.7,6.0,47.9,63.4
70,86.7,9.5,47.9,64.0
71,86.7,9.5,47.9,64.0
72,86.7,6.1,47.9,63.9
73,86.7,6.1,47.9,63.9
74,86.7,9.4,47.8,64.1
75,86.7,9.4,47.8,64.1
76,86.7,5.6,47.9,63.4
77,86.7,5.6,47.9,63.4
78,86.7,7.2,47.9,62.8
79,86.7,7.2,47.9,62.8
80,86.7,6.6,47.9,62.5
81,86.7,6.6,47.9,62.5
82,86.7,6.6,47.9,62.6
83,86.7,6.6,47.9,62.6
84,86.7,5.9,47.9,62.8
85,86.7,5.9,47.9,62.8
86,86.7,5.6,47.9,62.8
87,86.7,5.6,47.9,62.8
88,86.7,6.1,47.9,62.9
89,86.7,6.1,47.9,62.9
90,86.7,9.5,47.9,63.9
91,86.7,9.5,47.9,63.9
92,86.7,5.5,47.9,63.5
93,86.7,5.5,47.9,63.5
94,86.7,6.5,47.9,63.3
95,86.7,6.5,47.9,63.3
96,86.7,2.1,47.9,62.1
97,86.7,2.1,47.9,62.1
98,86.7,8.6,47.9,63.0
99,86.7,8.6,47.9,63.0
100,86.7,5.6,47.8,62.8
101,86.7,5.6,47.8,62.8
102,86.7,3.0,47.9,61.8
103,86.7,3.0,47.9,61.8
104,86.7,5.6,47.9,61.4
105,86.7,5.6,47.9,61.4
106,86.7,7.2,47.9,61.4
107,86.7,7.2,47.9,61.4
108,86.7,9.8,47.9,62.5
109,86.7,9.8,47.9,62.5
110,86.7,5.5,47.9,62.4
111,86.7,5.5,47.9,62.4
112,86.7,6.3,47.9,62.4
113,86.7,6.3,47.9,62.4
114,86.7,11.6,47.8,63.5
115,86.7,11.6,47.8,63.5
116,86.7,5.2,47.9,63.4
117,86.7,5.2,47.9,63.4
118,86.7,2.1,47.9,61.9
119,86.7,2.1,47.9,61.9
120,86.7,4.3,48.0,61.0
121,86.7,4.3,48.0,61.0
122,86.7,6.3,48.0,60.6
123,86.7,6.3,48.0,60.6
124,86.7,2.2,48.0,68.5
125,86.7,2.2,48.0,68.5
126,86.7,2.7,48.0,67.1
127,86.7,2.7,48.0,67.1
128,86.7,5.6,47.9,65.8
129,86.7,5.6,47.9,65.8
130,86.7,2.3,47.9,64.4
131,86.7,2.3,47.9,64.4
132,86.7,7.2,47.9,64.0
133,86.7,7.2,47.9,64.0
134,86.7,6.6,47.9,63.4
135,86.7,6.6,47.9,63.4
136,86.7,9.5,47.8,64.3
137,86.7,9.5,47.8,64.3
138,86.7,5.7,47.8,63.8
139,86.7,5.7,47.8,63.8
140,86.7,5.3,47.8,63.5
141,86.7,5.3,47.8,63.5
142,86.7,6.1,47.8,63.5
143,86.7,6.1,47.8,63.5
144,86.7,9.6,47.7,64.0
145,86.7,9.6,47.7,64.0
146,86.7,5.9,47.8,63.8
147,86.7,5.9,47.8,63.8
148,86.7,6.9,47.8,63.5
149,86.7,6.9,47.8,63.5
150,86.7,6.1,47.8,63.5
151,86.7,6.1,47.8,63.5
152,86.7,5.9,47.8,63.4
153,86.7,5.9,47.8,63.4
154,86.7,9.8,47.8,64.1
155,86.7,9.8,47.8,64.1
156,86.7,7.6,47.8,64.0
157,86.7,7.6,47.8,64.0
158,86.7,4.8,47.8,63.1
159,86.7,4.8,47.8,63.1
160,86.7,9.9,47.8,63.6
161,86.7,9.9,47.8,63.6
162,86.7,5.3,47.8,63.1
163,86.7,5.3,47.8,63.1
164,86.7,5.9,47.7,62.6
165,86.7,5.9,47.7,62.6
166,86.7,4.6,47.8,62.1
167,86.7,4.6,47.8,62.1
168,86.7,5.9,47.8,61.8
169,86.7,5.9,47.8,61.8
170,86.7,3.0,47.8,60.8
171,86.7,3.0,47.8,60.8
172,86.7,7.8,47.8,61.4
173,86.7,7.8,47.8,61.4
174,86.7,4.2,47.8,60.8
175,86.7,4.2,47.8,60.8
176,86.7,4.4,47.8,60.0
177,86.7,4.4,47.8,60.0
178,86.7,4.0,47.8,68.6
179,86.7,4.0,47.8,68.6
180,86.7,7.4,47.8,67.8
181,86.7,7.4,47.8,67.8
182,86.7,5.3,47.8,67.0
183,86.7,5.3,47.8,67.0
184,86.7,2.2,47.8,65.8
185,86.7,2.2,47.8,65.8
186,86.7,4.7,47.7,64.8
187,86.7,4.7,47.7,64.8
188,86.7,5.9,47.8,64.0
189,86.7,5.9,47.8,64.0
190,86.7,7.7,47.8,63.6
191,86.7,7.7,47.8,63.6
192,86.7,9.6,47.8,64.3
193,86.7,9.6,47.8,64.3
194,86.7,6.4,47.8,63.6
195,86.7,6.4,47.8,63.6
196,86.7,7.4,47.8,63.4
197,86.7,7.4,47.8,63.4
198,86.7,9.2,47.8,64.1
199,86.7,9.2,47.8,64.1
200,86.7,6.6,47.8,63.6
201,86.7,6.6,47.8,63.6
202,86.7,6.2,47.8,63.4
203,86.7,6.2,47.8,63.4
204,86.7,6.0,47.8,63.1
205,86.7,6.0,47.8,63.1
206,86.7,5.7,47.8,63.1
207,86.7,5.7,47.8,63.1
208,86.7,9.6,47.8,63.4
209,86.7,9.6,47.8,63.4
210,86.7,5.5,47.8,62.8
211,86.7,5.5,47.8,62.8
212,86.7,5.6,47.8,62.3
213,86.7,5.6,47.8,62.3
214,86.7,9.5,47.8,63.8
215,86.7,9.5,47.8,63.8
216,86.7,6.3,47.8,63.5
217,86.7,6.3,47.8,63.5
218,86.7,5.6,47.8,63.3
219,86.7,5.6,47.8,63.3
220,86.7,6.6,47.8,63.0
221,86.7,6.6,47.8,63.0
222,86.7,6.3,47.8,62.9
223,86.7,6.3,47.8,62.9
224,86.7,6.1,47.8,62.8
225,86.7,6.1,47.8,62.8
226,86.7,6.0,47.8,62.8
227,86.7,6.0,47.8,62.8
228,86.7,10.3,47.8,62.4
229,86.7,10.3,47.8,62.4
230,86.7,17.7,47.8,63.6
231,86.7,17.7,47.8,63.6
232,86.7,9.4,47.8,63.9
233,86.7,9.4,47.8,63.9
234,86.7,9.4,47.7,64.3
235,86.7,9.4,47.7,64.3
236,86.7,5.7,47.7,63.8
237,86.7,5.7,47.7,63.8
238,86.7,6.1,47.7,63.6
239,86.7,6.1,47.7,63.6
240,86.7,5.7,47.7,63.5
241,86.7,5.7,47.7,63.5
242,86.7,6.3,47.7,63.1
243,86.7,6.3,47.7,63.1
244,86.7,5.9,47.7,62.9
245,86.7,5.9,47.7,62.9
246,86.7,2.9,47.7,62.1
247,86.7,2.9,47.7,62.1
248,86.7,3.8,47.7,61.5
249,86.7,3.8,47.7,61.5
250,86.7,4.0,47.7,60.9
251,86.7,4.0,47.7,60.9
252,86.7,8.5,47.7,61.5
253,86.7,8.5,47.7,61.5
254,86.7,5.5,47.7,61.4
255,86.7,5.5,47.7,61.4
256,86.7,6.5,47.7,61.3
257,86.7,6.5,47.7,61.3
258,86.7,6.0,47.7,61.1
259,86.7,6.0,47.7,61.1
260,86.7,4.4,47.7,60.8
261,86.7,4.4,47.7,60.8
262,86.7,5.9,47.8,60.3
263,86.7,5.9,47.8,60.3
264,86.7,7.8,47.8,68.4
265,86.7,7.8,47.8,68.4
266,86.7,5.7,47.8,67.0
267,86.7,5.7,47.8,67.0
268,86.7,10.3,47.8,66.8
269,86.7,10.3,47.8,66.8
270,86.7,6.4,47.8,66.0
271,86.7,6.4,47.8,66.0
272,86.7,7.7,47.8,65.1
273,86.7,7.7,47.8,65.1
274,86.7,5.9,47.8,64.4
275,86.7,5.9,47.8,64.4
276,86.7,9.8,47.8,64.4
277,86.7,9.8,47.8,64.4
278,86.7,6.0,47.8,63.9
279,86.7,6.0,47.8,63.9
280,86.7,7.2,47.8,63.5
281,86.7,7.2,47.8,63.5
282,86.7,6.5,47.8,63.4
283,86.7,6.5,47.8,63.4
284,86.7,10.7,47.8,64.1
285,86.7,10.7,47.8,64.1
286,86.7,5.7,47.8,63.6
287,86.7,5.7,47.8,63.6
288,86.7,5.7,47.8,63.4
289,86.7,5.7,47.8,63.4
290,86.7,5.7,47.8,63.5
291,86.7,5.7,47.8,63.5
292,86.7,6.3,47.7,63.4
293,86.7,6.3,47.7,63.4
294,86.7,10.4,47.7,64.3
295,86.7,10.4,47.7,64.3
296,86.7,6.9,47.7,63.8
297,86.7,6.9,47.7,63.8
298,86.7,6.1,47.7,63.3
299,86.7,6.1,47.7,63.3
300,86.7,5.9,47.7,63.3
301,86.7,5.9,47.7,63.3
302,86.7,9.4,47.7,64.1
303,86.7,9.4,47.7,64.1
304,86.7,6.4,47.7,63.9
305,86.7,6.4,47.7,63.9
306,86.7,6.1,47.7,63.6
307,86.7,6.1,47.7,63.6
308,86.7,6.2,47.7,63.3
309,86.7,6.2,47.7,63.3
310,86.7,6.1,47.7,63.1
311,86.7,6.1,47.7,63.1
312,86.7,7.6,47.7,63.1
313,86.7,7.6,47.7,63.1
314,86.7,5.9,47.7,63.1
315,86.7,5.9,47.7,63.1
316,86.7,5.7,47.7,62.9
317,86.7,5.7,47.7,62.9
318,86.7,10.2,47.7,63.9
319,86.7,10.2,47.7,63.9
320,86.7,7.6,47.7,63.6
321,86.7,7.6,47.7,63.6
322,86.7,7.4,47.7,63.3
323,86.7,7.4,47.7,63.3
324,86.7,10.5,47.7,64.0
325,86.7,10.5,47.7,64.0
326,86.7,5.7,47.7,63.6
327,86.7,5.7,47.7,63.6
328,86.7,6.3,47.7,63.3
329,86.7,6.3,47.7,63.3
330,86.7,5.9,47.7,63.1
331,86.7,5.9,47.7,63.1
332,86.7,6.3,47.7,63.0
333,86.7,6.3,47.7,63.0
334,86.7,6.6,47.7,63.0
335,86.7,6.6,47.7,63.0
336,86.7,5.6,47.7,62.9
337,86.7,5.6,47.7,62.9
338,86.7,6.1,47.7,62.6
339,86.7,6.1,47.7,62.6
340,86.7,10.9,47.7,63.5
341,86.7,5.9,47.7,63.3
342,86.7,5.9,47.7,63.3
343,86.7,6.6,47.7,63.3
344,86.7,6.6,47.7,63.3
345,86.7,5.6,47.7,62.9
346,86.7,5.6,47.7,62.9
347,86.7,7.2,47.7,62.8
348,86.7,7.2,47.7,62.8
349,86.7,6.0,47.7,62.5
350,86.7,6.0,47.7,62.5
351,86.7,6.3,47.7,62.6
352,86.7,6.3,47.7,62.6
353,86.7,6.5,47.7,62.6
354,86.7,6.5,47.7,62.6
355,86.7,5.6,47.7,62.8
356,86.7,5.6,47.7,62.8
357,86.7,7.2,47.8,62.6
358,86.7,7.2,47.8,62.6
359,86.7,5.9,47.8,62.5
360,86.7,5.9,47.8,62.5
361,86.7,6.1,47.7,62.5
362,86.7,6.1,47.7,62.5
363,86.7,6.8,47.7,62.4
364,86.7,6.8,47.7,62.4
365,86.7,6.4,47.7,62.4
366,86.7,6.4,47.7,62.4
367,86.7,10.0,47.7,63.8
368,86.7,10.0,47.7,63.8
369,86.7,5.9,47.7,63.5
370,86.7,5.9,47.7,63.5
371,86.7,6.3,47.7,63.5
372,86.7,6.3,47.7,63.5
373,86.7,6.9,47.7,63.4
374,86.7,6.9,47.7,63.4
375,86.7,6.0,47.7,63.3
376,86.7,6.0,47.7,63.3
377,86.7,5.5,47.7,63.1
378,86.7,5.5,47.7,63.1
379,86.7,5.6,47.7,63.3
380,86.7,5.6,47.7,63.3
381,86.7,5.7,47.7,63.1
382,86.7,5.7,47.7,63.1
383,86.7,6.5,47.7,62.6
384,86.7,6.5,47.7,62.6
385,86.7,6.0,47.7,62.6
386,86.7,6.0,47.7,62.6
387,86.7,5.7,47.7,62.5
388,86.7,5.7,47.7,62.5
389,86.7,5.9,47.7,62.5
390,86.7,5.9,47.7,62.5
391,86.7,9.6,47.7,63.8
392,86.7,9.6,47.7,63.8
393,86.7,5.9,47.7,63.4
394,86.7,5.9,47.7,63.4
395,86.7,6.4,47.7,63.1
396,86.7,6.4,47.7,63.1
397,86.7,7.2,47.7,62.9
398,86.7,7.2,47.7,62.9
399,86.7,20.6,47.9,63.5
400,86.7,20.6,47.9,63.5
401,86.7,10.9,47.9,63.4
402,86.7,10.9,47.9,63.4
403,86.7,6.9,47.9,62.8
404,86.7,6.9,47.9,62.8
405,86.7,8.2,47.9,62.6
406,86.7,8.2,47.9,62.6
407,86.7,7.0,47.8,62.3
408,86.7,7.0,47.8,62.3
409,86.7,7.0,47.8,62.3
410,86.7,7.0,47.8,62.3
411,86.7,6.3,47.8,62.3
412,86.7,6.3,47.8,62.3
413,86.7,10.8,47.9,63.6
414,86.7,10.8,47.9,63.6
415,86.7,10.0,48.0,63.4
416,86.7,10.0,48.0,63.4
417,86.7,10.4,48.0,63.3
418,86.7,10.4,48.0,63.3
419,86.7,12.2,48.2,63.3
420,86.7,12.2,48.2,63.3
421,86.7,9.9,48.2,63.0
422,86.7,9.9,48.2,63.0
423,86.7,9.5,48.2,62.8
424,86.7,9.5,48.2,62.8
425,86.7,9.6,48.2,62.8
426,86.7,9.6,48.2,62.8
427,86.7,7.7,48.1,62.9
428,86.7,7.7,48.1,62.9
429,86.7,7.3,48.1,62.6
430,86.7,7.3,48.1,62.6
431,86.7,8.2,48.0,62.5
432,86.7,8.2,48.0,62.5
433,86.7,13.9,48.0,63.6
434,86.7,13.9,48.0,63.6
435,86.7,7.4,48.0,63.3
436,86.7,7.4,48.0,63.3
437,86.7,6.6,48.0,63.1
438,86.7,6.6,48.0,63.1
439,86.7,7.0,48.0,63.0
440,86.7,7.0,48.0,63.0
441,86.7,6.4,48.0,62.9
442,86.7,6.4,48.0,62.9
443,86.7,10.9,48.0,63.0
444,86.7,10.9,48.0,63.0
445,86.7,6.6,48.0,62.9
446,86.7,6.6,48.0,62.9
447,86.7,9.0,48.0,63.0
448,86.7,9.0,48.0,63.0
449,86.7,12.7,48.1,62.6
450,86.7,12.7,48.1,62.6
451,86.7,10.2,48.2,62.6
452,86.7,10.2,48.2,62.6
453,86.7,14.5,48.2,63.9
454,86.7,14.5,48.2,63.9
455,86.7,15.0,48.3,63.4
456,86.7,15.0,48.3,63.4
457,86.7,11.5,48.3,63.6
458,86.7,11.5,48.3,63.6
459,86.7,12.9,48.3,63.3
460,86.7,12.9,48.3,63.3
461,86.7,8.1,48.3,62.8
462,86.7,8.1,48.3,62.8
463,86.7,12.8,48.3,62.4
464,86.7,12.8,48.3,62.4
465,86.7,10.3,48.3,62.1
466,86.7,10.3,48.3,62.1
467,86.7,9.2,48.2,62.1
468,86.7,9.2,48.2,62.1
469,86.7,13.5,48.2,62.1
470,86.7,13.5,48.2,62.1
471,86.7,7.2,48.2,62.3
472,86.7,7.2,48.2,62.3
473,86.7,6.4,48.1,62.3
474,86.7,6.4,48.1,62.3
475,86.7,10.8,48.1,63.5
476,86.7,10.8,48.1,63.5
477,86.7,5.6,48.1,63.1
478,86.7,5.6,48.1,63.1
479,86.7,18.6,48.3,62.6
480,86.7,18.6,48.3,62.6
481,86.7,11.6,48.3,62.4
482,86.7,11.6,48.3,62.4
483,86.7,14.5,48.3,62.1
484,86.7,14.5,48.3,62.1
485,86.7,10.2,48.3,62.1
486,86.7,10.2,48.3,62.1
487,86.7,13.8,48.5,61.9
488,86.7,13.8,48.5,61.9
489,86.7,18.4,48.9,62.1
490,86.7,18.4,48.9,62.1
491,86.7,11.7,49.4,63.3
492,86.7,11.7,49.4,63.3
493,86.7,8.2,49.8,63.0
494,86.7,8.2,49.8,63.0
495,86.7,9.4,49.7,62.5
496,86.7,9.4,49.7,62.5
497,86.7,10.3,49.8,70.9
498,86.7,10.3,49.8,70.9
499,86.7,6.5,49.7,69.4
500,86.7,6.5,49.7,69.4
501,86.7,5.9,49.7,68.0
502,86.7,5.9,49.7,68.0
503,86.7,13.3,49.6,67.5
504,86.7,13.3,49.6,67.5
505,86.7,11.2,49.7,66.8
506,86.7,11.2,49.7,66.8
507,86.7,7.0,49.6,66.0
508,86.7,7.0,49.6,66.0
509,86.7,12.4,49.5,65.8
510,86.7,12.4,49.5,65.8
511,86.7,9.4,49.4,65.0
512,86.7,9.4,49.4,65.0
513,86.7,8.7,49.5,64.3
514,86.7,8.7,49.5,64.3
515,86.7,11.5,49.5,64.4
516,86.7,11.5,49.5,64.4
517,86.7,7.9,49.6,64.0
518,86.7,7.9,49.6,64.0
519,86.7,16.9,49.6,63.6
520,86.7,16.9,49.6,63.6
521,86.7,8.7,49.5,63.3
522,86.7,8.7,49.5,63.3
523,86.7,7.3,49.4,63.0
524,86.7,7.3,49.4,63.0
525,86.7,11.2,49.5,62.4
526,86.7,11.2,49.5,62.4
527,86.7,7.9,49.4,61.8
528,86.7,7.9,49.4,61.8
529,86.7,19.4,49.1,62.1
530,86.7,19.4,49.1,62.1
531,86.7,6.9,49.1,62.3
532,86.7,6.9,49.1,62.3
533,86.7,8.7,49.0,62.4
534,86.7,8.7,49.0,62.4
535,86.7,12.7,49.0,62.3
536,86.7,12.7,49.0,62.3
537,86.7,7.3,49.0,62.3
538,86.7,7.3,49.0,62.3
539,86.7,9.2,48.9,63.5
540,86.7,9.2,48.9,63.5
541,86.7,7.4,48.9,63.3
542,86.7,7.4,48.9,63.3
543,86.7,6.0,48.8,62.5
544,86.7,6.0,48.8,62.5
545,86.7,9.1,48.9,63.5
546,86.7,9.1,48.9,63.5
547,86.7,5.3,48.9,63.1
548,86.7,5.3,48.9,63.1
549,86.7,6.4,48.8,62.9
550,86.7,6.4,48.8,62.9
551,86.7,5.9,48.8,62.9
552,86.7,5.9,48.8,62.9
553,86.7,9.4,48.8,63.8
554,86.7,9.4,48.8,63.8
555,86.7,5.9,48.8,63.6
556,86.7,5.9,48.8,63.6
557,86.7,7.8,48.8,63.8
558,86.7,7.8,48.8,63.8
559,86.7,4.0,48.7,63.1
560,86.7,4.0,48.7,63.1
561,86.7,6.6,48.8,62.9
562,86.7,6.6,48.8,62.9
563,86.7,7.2,48.8,62.9
564,86.7,7.2,48.8,62.9
565,86.7,18.9,48.8,63.8
566,86.7,18.9,48.8,63.8
567,86.7,11.5,48.9,63.3
568,86.7,11.5,48.9,63.3
569,86.7,10.4,48.9,64.0
570,86.7,10.4,48.9,64.0
571,86.7,6.0,48.8,63.5
572,86.7,6.0,48.8,63.5
573,86.7,8.9,48.8,63.5
574,86.7,8.9,48.8,63.5
575,86.7,6.0,48.8,63.1
576,86.7,6.0,48.8,63.1
577,86.7,6.5,48.8,63.3
578,86.7,6.5,48.8,63.3
579,86.7,13.3,48.8,63.9
580,86.7,13.3,48.8,63.9
581,86.7,7.4,48.8,63.5
582,86.7,7.4,48.8,63.5
583,86.7,8.7,48.8,63.3
584,86.7,8.7,48.8,63.3
585,86.7,13.2,48.9,62.9
586,86.7,13.2,48.9,62.9
587,86.7,14.2,48.9,62.9
588,86.7,14.2,48.9,62.9
589,86.7,20.1,49.2,62.5
590,86.7,20.1,49.2,62.5
591,86.7,12.9,49.2,62.5
592,86.7,12.9,49.2,62.5
593,86.7,9.4,49.1,62.4
594,86.7,9.4,49.1,62.4
595,86.7,12.5,49.3,62.1
596,86.7,12.5,49.3,62.1
597,86.7,14.5,49.3,62.5
598,86.7,14.5,49.3,62.5
599,86.7,20.4,49.4,63.3
600,86.7,20.4,49.4,63.3
601,86.7,13.9,48.4,63.3
602,86.7,13.9,48.4,63.3
603,86.7,13.3,48.4,63.3
604,86.7,13.3,48.4,63.3
605,86.7,9.6,48.4,63.1
606,86.7,9.6,48.4,63.1
607,86.7,7.7,48.4,63.0
608,86.7,7.7,48.4,63.0
609,86.7,6.8,48.3,62.9
610,86.7,6.8,48.3,62.9
611,86.7,12.6,48.4,62.8
612,86.7,12.6,48.4,62.8
613,86.7,9.2,48.2,62.8
614,86.7,9.2,48.2,62.8
615,86.7,19.3,48.3,62.4
616,86.7,19.3,48.3,62.4
617,86.7,21.2,48.3,62.9
618,86.7,21.2,48.3,62.9
619,86.7,18.2,48.3,63.3
620,86.7,18.2,48.3,63.3
621,86.7,10.4,48.3,63.1
622,86.7,10.4,48.3,63.1
623,86.7,18.5,48.3,63.8
624,86.7,18.5,48.3,63.8
625,86.7,26.0,48.4,64.0
626,86.7,26.0,48.4,64.0
627,86.7,7.3,48.4,63.8
628,86.7,7.3,48.4,63.8
629,86.7,20.3,48.3,63.6
630,86.7,20.3,48.3,63.6
631,86.7,16.7,48.3,63.1
632,86.7,16.7,48.3,63.1
633,86.7,19.1,48.4,63.4
634,86.7,19.1,48.4,63.4
635,86.7,9.0,48.3,63.3
636,86.7,9.0,48.3,63.3
637,86.7,8.9,48.2,63.3
638,86.7,8.9,48.2,63.3
639,86.7,9.9,48.2,63.1
640,86.7,9.9,48.2,63.1
641,86.7,11.3,48.2,63.1
642,86.7,11.3,48.2,63.1
643,86.7,14.8,48.3,64.0
644,86.7,14.8,48.3,64.0
645,86.7,26.0,48.4,63.5
646,86.7,26.0,48.4,63.5
647,86.7,26.5,48.7,62.9
648,86.7,26.5,48.7,62.9
649,86.7,22.2,48.7,62.8
650,86.7,22.2,48.7,62.8
651,86.7,19.7,48.7,62.3
652,86.7,19.7,48.7,62.3
653,86.7,25.1,48.7,62.0
654,86.7,25.1,48.7,62.0
655,86.7,22.3,48.7,62.0
656,86.7,22.3,48.7,62.0
657,86.7,31.6,48.8,62.3
658,86.7,31.6,48.8,62.3
659,86.7,29.4,48.6,63.3
660,86.7,29.4,48.6,63.3
661,86.7,26.7,48.7,63.0
662,86.7,26.7,48.7,63.0
663,86.7,23.8,48.7,63.1
664,86.7,23.8,48.7,63.1
665,86.7,14.8,48.4,61.8
666,86.7,14.8,48.4,61.8
667,86.7,18.8,48.5,61.9
668,86.7,18.8,48.5,61.9
669,86.7,23.4,48.5,61.8
670,86.7,23.4,48.5,61.8
671,86.7,20.1,48.5,61.9
672,86.7,20.1,48.5,61.9
673,86.7,23.7,48.4,71.0
674,86.7,23.7,48.4,71.0
675,86.7,22.4,48.5,69.4
676,86.7,22.4,48.5,69.4
677,86.7,17.6,48.5,68.1
678,86.7,17.6,48.5,68.1
679,86.7,9.6,48.5,67.3
680,86.7,9.6,48.5,67.3
681,86.7,10.5,48.4,66.4
682,86.7,10.5,48.4,66.4
683,86.7,10.3,48.4,65.6
684,86.7,10.3,48.4,65.6
685,86.7,12.4,48.4,64.9
686,86.7,12.4,48.4,64.9
687,86.7,14.7,48.4,64.1
688,86.7,14.7,48.4,64.1
689,86.7,17.8,48.5,63.5
690,86.7,17.8,48.5,63.5
691,86.7,18.8,48.2,63.5
692,86.7,18.8,48.2,63.5
693,86.7,13.2,48.1,62.8
694,86.7,13.2,48.1,62.8
695,86.7,9.0,48.0,62.8
696,86.7,9.0,48.0,62.8
697,86.7,14.2,48.0,62.4
698,86.7,14.2,48.0,62.4
699,86.7,9.8,48.0,62.4
700,86.7,9.8,48.0,62.4
701,86.7,13.2,48.0,62.3
702,86.7,13.2,48.0,62.3
703,86.7,8.7,48.0,62.3
704,86.7,8.7,48.0,62.3
705,86.7,9.4,48.0,62.3
706,86.7,9.4,48.0,62.3
707,86.7,11.7,48.0,62.3
708,86.7,11.7,48.0,62.3
709,86.7,8.5,48.0,62.1
710,86.7,8.5,48.0,62.1
711,86.7,12.4,48.0,62.3
712,86.7,12.4,48.0,62.3
713,86.7,12.0,48.0,63.4
714,86.7,12.0,48.0,63.4
715,86.7,7.6,48.0,63.1
716,86.7,7.6,48.0,63.1
717,86.7,10.4,48.0,63.0
718,86.7,10.4,48.0,63.0
719,86.7,12.8,48.2,62.9
720,86.7,12.8,48.2,62.9
721,86.7,12.2,48.2,64.0
722,86.7,12.2,48.2,64.0
723,86.7,7.4,48.1,63.6
724,86.7,7.4,48.1,63.6
725,86.7,9.6,48.1,63.5
726,86.7,9.6,48.1,63.5
727,86.7,20.1,48.2,63.3
728,86.7,20.1,48.2,63.3
729,86.7,19.0,48.2,63.0
730,86.7,19.0,48.2,63.0
731,86.7,8.3,48.2,62.9
732,86.7,8.3,48.2,62.9
733,86.7,11.6,48.2,62.8
734,86.7,11.6,48.2,62.8
735,86.7,9.4,48.1,62.8
736,86.7,9.4,48.1,62.8
737,86.7,14.0,48.1,62.5
738,86.7,14.0,48.1,62.5
739,86.7,13.8,48.1,62.8
740,86.7,13.8,48.1,62.8
741,86.7,18.2,48.2,62.8
742,86.7,18.2,48.2,62.8
743,86.7,19.0,48.1,62.9
744,86.7,19.0,48.1,62.9
745,86.7,17.3,48.1,63.4
746,86.7,17.3,48.1,63.4
747,86.7,19.0,48.2,63.5
748,86.7,19.0,48.2,63.5
749,86.7,15.4,48.2,64.0
750,86.7,15.4,48.2,64.0
751,86.7,8.2,48.2,63.6
752,86.7,8.2,48.2,63.6
753,86.7,14.3,48.2,63.3
754,86.7,14.3,48.2,63.3
755,86.7,7.7,48.2,62.8
756,86.7,7.6,48.3,62.6
757,86.7,7.6,48.3,62.6
758,86.7,7.9,48.3,62.5
759,86.7,7.9,48.3,62.5
760,86.7,17.7,48.3,63.5
761,86.7,17.7,48.3,63.5
762,86.7,8.1,48.2,63.3
763,86.7,8.1,48.2,63.3
764,86.7,7.4,48.2,62.9
765,86.7,7.4,48.2,62.9
766,86.7,15.0,48.2,62.5
767,86.7,15.0,48.2,62.5
768,86.7,14.2,48.1,62.5
769,86.7,14.2,48.1,62.5
770,86.7,21.4,48.1,63.1
771,86.7,21.4,48.1,63.1
772,86.7,17.8,48.1,63.8
773,86.7,17.8,48.1,63.8
774,86.7,21.0,48.1,64.1
775,86.7,21.0,48.1,64.1
776,86.7,20.6,48.4,64.1
777,86.7,20.6,48.4,64.1
778,86.7,20.8,48.4,64.4
779,86.7,20.8,48.4,64.4
780,86.7,15.4,48.4,64.8
781,86.7,15.4,48.4,64.8
782,86.7,8.7,48.4,64.3
783,86.7,8.7,48.4,64.3
784,86.7,19.9,48.4,64.3
785,86.7,19.9,48.4,64.3
786,86.7,20.1,48.5,64.4
787,86.7,20.1,48.5,64.4
788,86.7,19.0,48.5,64.4
789,86.7,19.0,48.5,64.4
790,86.7,19.5,48.3,64.1
791,86.7,19.5,48.3,64.1
792,86.7,22.7,48.3,64.0
793,86.7,22.7,48.3,64.0
794,86.7,20.3,48.3,64.1
795,86.7,20.3,48.3,64.1
796,86.7,22.5,48.3,64.9
797,86.7,22.5,48.3,64.9
798,86.7,22.1,48.3,64.8
799,86.7,22.1,48.3,64.8
800,86.7,20.8,48.2,64.4
801,86.7,20.8,48.2,64.4
802,86.7,20.6,48.2,64.6
803,86.7,20.6,48.2,64.6
804,86.7,25.4,48.2,64.5
805,86.7,25.4,48.2,64.5
806,86.7,19.9,48.2,64.9
807,86.7,19.9,48.2,64.9
808,86.7,22.8,48.3,65.3
809,86.7,22.8,48.3,65.3
810,86.7,19.1,48.3,65.3
811,86.7,19.1,48.3,65.3
812,86.7,22.8,48.3,65.1
813,86.7,22.8,48.3,65.1
814,86.7,20.7,48.3,65.3
815,86.7,20.7,48.3,65.3
816,86.7,20.8,48.3,65.4
817,86.7,20.8,48.3,65.4
818,86.7,20.2,48.3,65.8
819,86.7,20.2,48.3,65.8
820,86.7,20.6,48.3,65.8
821,86.7,20.6,48.3,65.8
822,86.7,18.0,48.4,65.8
823,86.7,18.0,48.4,65.8
824,86.7,9.6,48.4,65.0
825,86.7,9.6,48.4,65.0
826,86.7,11.6,48.4,64.6
827,86.7,11.6,48.4,64.6
828,86.7,12.2,48.5,64.3
829,86.7,12.2,48.5,64.3
830,86.7,10.3,48.4,64.0
831,86.7,10.3,48.4,64.0
832,86.7,12.5,48.4,63.9
833,86.7,12.5,48.4,63.9
834,86.7,10.7,48.4,63.5
835,86.7,10.7,48.4,63.5
836,86.7,10.3,48.4,63.4
837,86.7,10.3,48.4,63.4
838,86.7,15.5,48.3,63.1
839,86.7,15.5,48.3,63.1
840,86.7,21.2,48.5,63.1
841,86.7,21.2,48.5,63.1
842,86.7,17.7,48.5,63.3
843,86.7,17.7,48.5,63.3
844,86.7,18.2,48.4,63.5
845,86.7,18.2,48.4,63.5
846,86.7,19.9,48.5,63.8
847,86.7,19.9,48.5,63.8
848,86.7,24.0,48.6,63.6
849,86.7,24.0,48.6,63.6
850,86.7,24.3,48.6,63.6
851,86.7,24.3,48.6,63.6
852,86.7,28.4,48.6,64.0
853,86.7,28.4,48.6,64.0
854,86.7,23.6,48.7,64.1
855,86.7,23.6,48.7,64.1
856,86.7,23.8,48.7,64.3
857,86.7,23.8,48.7,64.3
858,86.7,21.5,48.7,64.6
859,86.7,21.5,48.7,64.6
860,86.7,17.3,48.6,65.1
861,86.7,17.3,48.6,65.1
862,86.7,19.5,48.6,65.3
863,86.7,19.5,48.6,65.3
864,86.7,19.0,48.5,65.4
865,86.7,19.0,48.5,65.4
866,86.7,22.1,48.5,65.5
867,86.7,22.1,48.5,65.5
868,86.7,19.1,48.5,65.8
869,86.7,19.1,48.5,65.8
870,86.7,16.3,48.5,65.8
871,86.7,16.3,48.5,65.8
872,86.7,21.1,48.5,65.8
873,86.7,21.1,48.5,65.8
874,86.7,15.1,48.5,65.8
875,86.7,15.1,48.5,65.8
876,86.7,17.7,48.5,65.8
877,86.7,17.7,48.5,65.8
878,86.7,22.0,48.7,65.5
879,86.7,22.0,48.7,65.5
880,86.7,18.8,48.7,65.3
881,86.7,18.8,48.7,65.3
882,86.7,20.1,48.8,65.0
883,86.7,20.1,48.8,65.0
884,86.7,16.1,48.7,64.9
885,86.7,16.1,48.7,64.9
886,86.7,20.8,48.7,64.6
887,86.7,20.8,48.7,64.6
888,86.7,19.5,48.8,64.5
889,86.7,19.5,48.8,64.5
890,86.7,24.0,48.8,64.5
891,86.7,24.0,48.8,64.5
892,86.7,16.7,48.8,64.8
893,86.7,16.7,48.8,64.8
894,86.7,22.4,48.8,65.0
895,86.7,22.4,48.8,65.0
896,86.7,20.1,48.8,64.9
897,86.7,20.1,48.8,64.9
898,86.7,18.4,48.8,65.0
899,86.7,18.4,48.8,65.0
900,86.7,21.2,48.8,65.3
901,86.7,21.2,48.8,65.3
902,86.7,22.0,48.7,65.5
903,86.7,22.0,48.7,65.5
904,86.7,16.3,48.6,65.5
905,86.7,16.3,48.6,65.5
906,86.7,19.8,48.5,65.6
907,86.7,19.8,48.5,65.6
908,86.7,21.5,48.6,65.8
909,86.7,21.5,48.6,65.8
910,86.7,19.4,48.6,65.8
911,86.7,19.4,48.6,65.8
912,86.7,18.9,48.7,65.8
913,86.7,18.9,48.7,65.8
914,86.7,20.2,48.7,65.8
915,86.7,20.2,48.7,65.8
916,86.7,24.9,48.8,65.4
917,86.7,24.9,48.8,65.4
918,86.7,20.8,48.8,65.0
919,86.7,20.8,48.8,65.0
920,86.7,28.0,49.0,65.3
921,86.7,28.0,49.0,65.3
922,86.7,23.3,48.9,64.9
923,86.7,23.3,48.9,64.9
924,86.7,21.4,48.9,64.8
925,86.7,21.4,48.9,64.8
926,86.7,27.3,49.0,64.6
927,86.7,27.3,49.0,64.6
928,86.7,19.9,49.0,65.0
929,86.7,19.9,49.0,65.0
930,86.7,23.1,49.0,65.1
931,86.7,23.1,49.0,65.1
932,86.7,21.2,48.9,65.3
933,86.7,21.2,48.9,65.3
934,86.7,21.5,48.9,65.4
935,86.7,21.5,48.9,65.4
936,86.7,18.6,48.9,65.4
937,86.7,18.6,48.9,65.4
938,86.7,21.0,48.9,65.5
939,86.7,21.0,48.9,65.5
940,86.7,23.6,49.6,65.3
941,86.7,23.6,49.6,65.3
942,86.7,22.5,49.6,65.5
943,86.7,22.5,49.6,65.5
944,86.7,28.6,49.6,65.9
945,86.7,28.6,49.6,65.9
946,86.7,29.5,49.7,66.0
947,86.7,29.5,49.7,66.0
948,86.7,28.2,49.7,66.1
949,86.7,28.2,49.7,66.1
950,86.7,27.9,49.7,66.4
951,86.7,27.9,49.7,66.4
952,86.7,27.1,49.2,66.3
953,86.7,27.1,49.2,66.3
954,86.7,27.8,49.3,66.1
955,86.7,27.8,49.3,66.1
956,86.7,23.9,49.2,65.6
957,86.7,23.9,49.2,65.6
958,86.7,28.8,49.2,65.1
959,86.7,28.8,49.2,65.1
960,86.7,22.9,49.1,65.0
961,86.7,22.9,49.1,65.0
962,86.7,24.6,49.1,64.6
963,86.7,24.6,49.1,64.6
964,86.7,23.0,49.1,64.5
965,86.7,23.0,49.1,64.5
966,86.7,22.8,49.1,64.9
967,86.7,22.8,49.1,64.9
968,86.7,17.1,49.1,64.8
969,86.7,17.1,49.1,64.8
970,86.7,13.9,49.1,65.3
971,86.7,13.9,49.1,65.3
972,86.7,12.1,49.1,64.9
973,86.7,12.1,49.1,64.9
974,86.7,19.6,49.1,64.5
975,86.7,19.6,49.1,64.5
976,86.7,21.7,48.2,64.3
977,86.7,21.7,48.2,64.3
978,86.7,15.5,48.1,64.1
979,86.7,15.5,48.1,64.1
980,86.7,38.2,48.9,63.8
981,86.7,38.2,48.9,63.8
982,86.7,40.8,48.9,73.1
983,86.7,40.8,48.9,73.1
984,86.7,31.3,48.9,71.8
985,86.7,31.3,48.9,71.8
986,86.7,24.5,48.9,70.1
987,86.7,24.5,48.9,70.1
988,86.7,24.5,48.9,69.1
989,86.7,24.5,48.9,69.1
990,86.7,26.8,48.9,68.1
991,86.7,26.8,48.9,68.1
992,86.7,34.2,49.0,67.5
993,86.7,34.2,49.0,67.5
994,86.7,27.1,49.0,66.8
995,86.7,27.1,49.0,66.8
996,86.7,56.8,48.9,74.9
997,86.7,56.8,48.9,74.9
998,86.7,41.9,48.9,73.8
999,86.7,41.9,48.9,73.8
1000,86.7,40.1,48.8,72.4
1001,86.7,40.1,48.8,72.4
1002,86.7,29.3,48.8,71.0
1003,86.7,29.3,48.8,71.0
1004,86.7,23.0,48.9,69.6
1005,86.7,23.0,48.9,69.6
1006,86.7,27.0,48.8,69.1
1007,86.7,27.0,48.8,69.1
1008,86.7,25.9,48.9,68.3
1009,86.7,25.9,48.9,68.3
1010,86.7,20.2,48.9,67.5
1011,86.7,20.2,48.9,67.5
1012,86.7,25.9,48.9,66.8
1013,86.7,25.9,48.9,66.8
1014,86.7,29.8,48.7,66.3
1015,86.7,29.8,48.7,66.3
1016,86.7,38.7,48.7,65.9
1017,86.7,38.7,48.7,65.9
1018,86.7,23.4,48.8,65.8
1019,86.7,23.4,48.8,65.8
1020,86.7,22.9,48.8,65.3
1021,86.7,22.9,48.8,65.3
1022,86.7,27.1,48.8,64.8
1023,86.7,27.1,48.8,64.8
1024,86.7,26.9,48.9,64.3
1025,86.7,26.9,48.9,64.3
1026,86.7,28.1,48.9,63.6
1027,86.7,28.1,48.9,63.6
1028,86.7,37.1,48.9,74.5
1029,86.7,37.1,48.9,74.5
1030,86.7,42.4,48.9,73.3
1031,86.7,42.4,48.9,73.3
1032,86.7,22.4,48.8,71.6
1033,86.7,22.4,48.8,71.6
1034,86.7,28.0,48.9,70.3
1035,86.7,28.0,48.9,70.3
1036,86.7,25.9,48.9,69.3
1037,86.7,25.9,48.9,69.3
1038,86.7,29.7,48.9,68.3
1039,86.7,29.7,48.9,68.3
1040,86.7,25.8,48.9,66.9
1041,86.7,25.8,48.9,66.9
1042,86.7,26.6,48.9,65.8
1043,86.7,26.6,48.9,65.8
1044,86.7,25.3,48.9,65.5
1045,86.7,25.3,48.9,65.5
1046,86.7,22.5,48.9,64.9
1047,86.7,22.5,48.9,64.9
1048,86.7,24.6,48.9,64.4
1049,86.7,24.6,48.9,64.4
1050,86.7,24.7,48.9,64.0
1051,86.7,24.7,48.9,64.0
1052,86.7,23.3,49.0,63.6
1053,86.7,23.3,49.0,63.6
1054,86.7,24.1,49.0,63.5
1055,86.7,24.1,49.0,63.5
1056,86.7,27.5,49.0,63.3
1057,86.7,27.5,49.0,63.3
1058,86.7,28.9,49.0,63.3
1059,86.7,28.9,49.0,63.3
1060,86.7,21.9,49.0,63.3
1061,86.7,21.9,49.0,63.3
1062,86.7,23.5,49.0,63.4
1063,86.7,23.5,49.0,63.4
1064,86.7,26.2,49.0,63.4
1065,86.7,26.2,49.0,63.4
1066,86.7,24.7,49.0,63.1
1067,86.7,24.7,49.0,63.1
1068,86.7,27.2,49.1,63.4
1069,86.7,27.2,49.1,63.4
1070,86.7,18.5,49.2,63.6
1071,86.7,18.5,49.2,63.6
1072,86.7,17.7,49.1,72.8
1073,86.7,17.7,49.1,72.8
1074,86.7,15.6,49.0,71.3
1075,86.7,15.6,49.0,71.3
1076,86.7,17.6,49.0,69.8
1077,86.7,17.6,49.0,69.8
1078,86.7,15.8,49.0,68.5
1079,86.7,15.8,49.0,68.5
1080,86.7,14.2,49.0,67.8
1081,86.7,14.2,49.0,67.8
1082,86.7,13.5,48.9,67.0
1083,86.7,13.5,48.9,67.0
1084,86.7,15.8,48.9,66.3
1085,86.7,15.8,48.9,66.3
1086,86.7,13.4,49.0,65.6
1087,86.7,13.4,49.0,65.6
1088,86.7,20.8,49.0,64.9
1089,86.7,20.8,49.0,64.9
1090,86.7,24.2,49.1,65.0
1091,86.7,24.2,49.1,65.0
1092,86.7,17.1,49.1,64.5
1093,86.7,17.1,49.1,64.5
1094,86.7,16.7,48.2,63.8
1095,86.7,16.7,48.2,63.8
1096,86.7,14.5,48.3,64.8
1097,86.7,14.5,48.3,64.8
1098,86.7,3.1,48.2,63.4
1099,86.7,3.1,48.2,63.4
1100,86.7,11.7,48.2,63.8
1101,86.7,11.7,48.2,63.8
1102,86.7,15.0,48.1,63.6
1103,86.7,15.0,48.1,63.6
1104,86.7,9.6,48.2,63.8
1105,86.7,9.6,48.2,63.8
1106,86.7,6.3,48.1,63.6
1107,86.7,6.3,48.1,63.6
1108,86.7,13.2,47.6,64.6
1109,86.7,13.2,47.6,64.6
1110,86.7,7.5,46.8,64.0
1111,86.7,7.5,46.8,64.0
1112,86.7,6.8,46.9,64.0
1113,86.7,6.5,46.8,64.1
1114,86.7,6.5,46.8,64.1
1115,86.7,6.6,46.8,64.0
1116,86.7,6.6,46.8,64.0
1117,86.7,6.6,46.8,63.9
1118,86.7,6.6,46.8,63.9
1119,86.7,6.6,46.8,63.9
1120,86.7,6.6,46.8,63.9
1121,86.7,6.3,46.8,64.0
1122,86.7,6.3,46.8,64.0
1123,86.7,9.2,46.8,64.6
1124,86.7,9.2,46.8,64.6
1125,86.7,6.4,46.9,64.4
1126,86.7,6.4,46.9,64.4
1127,86.7,6.0,46.9,64.0
1128,86.7,6.0,46.9,64.0
1129,86.7,6.1,46.9,63.8
1130,86.7,6.1,46.9,63.8
1131,86.7,5.9,47.0,63.8
1132,86.7,5.9,47.0,63.8
1133,86.7,5.9,46.9,63.5
1134,86.7,5.9,46.9,63.5
1135,86.7,6.4,46.9,63.3
1136,86.7,6.4,46.9,63.3
1137,86.7,5.6,46.9,62.9
1138,86.7,5.6,46.9,62.9
1139,86.7,6.1,46.9,62.6
1140,86.7,6.1,46.9,62.6
1141,86.7,5.7,46.9,62.1
1142,86.7,5.7,46.9,62.1
1143,86.7,9.8,46.8,63.4
1144,86.7,9.8,46.8,63.4
1145,86.7,6.0,46.8,63.4
1146,86.7,6.0,46.8,63.4
1147,86.7,5.9,46.8,63.4
1148,86.7,5.9,46.8,63.4
1149,86.7,5.9,46.8,63.3
1150,86.7,5.9,46.8,63.3
1151,86.7,6.5,46.8,63.4
1152,86.7,6.5,46.8,63.4
1153,86.7,6.1,46.4,63.3
1154,86.7,6.1,46.4,63.3
1155,86.7,5.9,46.4,63.3
1156,86.7,5.9,46.4,63.3
1157,86.7,9.0,46.4,64.1
1158,86.7,9.0,46.4,64.1
1159,86.7,6.8,46.4,64.1
1160,86.7,6.8,46.4,64.1
1161,86.7,6.4,46.4,63.9
1162,86.7,6.4,46.4,63.9
1163,86.7,9.2,46.4,64.4
1164,86.7,9.2,46.4,64.4
1165,86.7,6.9,46.4,64.0
1166,86.7,6.9,46.4,64.0
1167,86.7,5.9,46.4,63.9
1168,86.7,5.9,46.4,63.9
1169,86.7,5.7,46.4,63.8
1170,86.7,5.7,46.4,63.8
1171,86.7,6.9,46.4,63.5
1172,86.7,6.9,46.4,63.5
1173,86.7,5.9,46.4,63.4
1174,86.7,5.9,46.4,63.4
1175,86.7,6.9,46.4,63.3
1176,86.7,6.9,46.4,63.3
1177,86.7,6.0,46.4,63.3
1178,86.7,6.0,46.4,63.3
1179,86.7,6.0,46.4,63.1
1180,86.7,6.0,46.4,63.1
1181,86.7,6.0,46.4,63.0
1182,86.7,6.0,46.4,63.0
1183,86.7,6.3,46.4,63.0
1184,86.7,6.3,46.4,63.0
1185,86.7,6.1,46.4,63.0
1186,86.7,6.1,46.4,63.0
1187,86.7,9.6,46.4,64.0
1188,86.7,9.6,46.4,64.0
1189,86.7,2.1,46.4,62.9
1190,86.7,2.1,46.4,62.9
1191,86.7,6.1,46.4,62.4
1192,86.7,6.1,46.4,62.4
1193,86.7,5.5,46.4,62.0
1194,86.7,5.5,46.4,62.0
1195,86.7,5.7,46.4,61.6
1196,86.7,5.7,46.4,61.6
1197,86.7,5.7,46.4,61.0
1198,86.7,5.7,46.4,61.0
1199,86.7,7.9,46.5,69.8
1200,86.7,7.9,46.5,69.8
1201,86.7,6.5,46.5,68.4
1202,86.7,6.5,46.5,68.4
1203,86.7,10.5,46.5,68.0
1204,86.7,10.5,46.5,68.0
1205,86.7,6.8,46.6,67.3
1206,86.7,6.8,46.6,67.3
1207,86.7,6.0,46.5,66.5
1208,86.7,6.0,46.5,66.5
1209,86.7,6.6,46.5,65.8
1210,86.7,6.6,46.5,65.8
1211,86.7,6.1,46.5,65.0
1212,86.7,6.1,46.5,65.0
1213,86.7,6.3,46.5,64.3
1214,86.7,6.3,46.5,64.3
1215,86.7,6.4,46.5,63.8
1216,86.7,6.4,46.5,63.8
1217,86.7,5.7,46.5,63.8
1218,86.7,5.7,46.5,63.8
1219,86.7,6.2,46.5,63.6
1220,86.7,6.2,46.5,63.6
1221,86.7,9.5,46.5,64.3
1222,86.7,9.5,46.5,64.3
1223,86.7,8.2,46.5,63.8
1224,86.7,8.2,46.5,63.8
1225,86.7,5.7,46.5,63.5
1226,86.7,5.7,46.5,63.5
1227,86.7,6.0,46.5,63.3
1228,86.7,6.0,46.5,63.3
1229,86.7,6.9,46.4,62.9
1230,86.7,6.9,46.4,62.9
1231,86.7,6.4,46.4,62.8
1232,86.7,6.4,46.4,62.8
1233,86.7,5.9,46.4,62.6
1234,86.7,5.9,46.4,62.6
1235,86.7,6.0,46.4,62.5
1236,86.7,6.0,46.4,62.5
1237,86.7,6.3,46.4,62.5
1238,86.7,6.3,46.4,62.5
1239,86.7,7.2,46.4,62.4
1240,86.7,7.2,46.4,62.4
1241,86.7,6.3,46.4,62.4
1242,86.7,6.3,46.4,62.4
1243,86.7,6.4,46.4,62.3
1244,86.7,6.4,46.4,62.3
1245,86.7,11.6,46.4,63.5
1246,86.7,11.6,46.4,63.5
1247,86.7,6.3,46.4,63.4
1248,86.7,6.3,46.4,63.4
1249,86.7,9.4,46.4,64.3
1250,86.7,9.4,46.4,64.3
1251,86.7,10.4,46.6,63.5
1252,86.7,10.4,46.6,63.5
1253,86.7,9.6,46.7,63.3
1254,86.7,9.6,46.7,63.3
1255,86.7,12.3,46.7,64.1
1256,86.7,12.3,46.7,64.1
1257,86.7,4.2,46.6,63.3
1258,86.7,4.2,46.6,63.3
1259,86.7,8.7,46.7,63.4
1260,86.7,8.7,46.7,63.4
1261,86.7,7.7,46.7,63.4
1262,86.7,7.7,46.7,63.4
1263,86.7,9.5,46.7,63.0
1264,86.7,9.5,46.7,63.0
1265,86.7,10.0,46.7,62.5
1266,86.7,10.0,46.7,62.5
1267,86.7,6.1,46.7,61.9
1268,86.7,6.1,46.7,61.9
1269,86.7,8.5,46.8,61.9
1270,86.7,8.5,46.8,61.9
1271,86.7,11.1,46.8,62.3
1272,86.7,11.1,46.8,62.3
1273,86.7,9.5,46.8,62.1
1274,86.7,9.5,46.8,62.1
1275,86.7,11.8,46.9,62.4
1276,86.7,11.8,46.9,62.4
1277,86.7,7.6,46.7,62.1
1278,86.7,7.6,46.7,62.1
1279,86.7,10.7,46.9,62.3
1280,86.7,10.7,46.9,62.3
1281,86.7,4.8,47.0,61.4
1282,86.7,4.8,47.0,61.4
1283,86.7,9.0,47.6,61.1
1284,86.7,9.0,47.6,61.1
1285,86.7,11.6,48.1,61.5
1286,86.7,11.6,48.1,61.5
1287,86.7,11.1,48.7,61.8
1288,86.7,11.1,48.7,61.8
1289,86.7,8.1,49.0,61.4
1290,86.7,8.1,49.0,61.4
1291,86.7,5.7,49.5,60.8
1292,86.7,5.7,49.5,60.8
1293,86.7,6.6,48.6,60.5
1294,86.7,6.6,48.6,60.5
1295,86.7,9.4,48.9,60.6
1296,86.7,9.4,48.9,60.6
1297,86.7,11.8,48.6,69.6
1298,86.7,11.8,48.6,69.6
1299,86.7,13.3,48.2,68.3
1300,86.7,13.3,48.2,68.3
1301,86.7,14.6,47.8,67.3
1302,86.7,14.6,47.8,67.3
1303,86.7,15.4,47.7,66.1
1304,86.7,15.4,47.7,66.1
1305,86.7,17.6,47.6,66.0
1306,86.7,17.6,47.6,66.0
1307,86.7,10.4,47.6,65.3
1308,86.7,10.4,47.6,65.3
1309,86.7,12.5,46.8,65.3
1310,86.7,12.5,46.8,65.3
1311,86.7,16.0,46.7,64.5
1312,86.7,16.0,46.7,64.5
1313,86.7,18.1,46.7,64.8
1314,86.7,18.1,46.7,64.8
1315,86.7,13.0,47.0,64.0
1316,86.7,13.0,47.0,64.0
1317,86.7,10.2,47.0,62.6
1318,86.7,10.2,47.0,62.6
1319,86.7,10.9,47.1,61.6
1320,86.7,10.9,47.1,61.6
1321,86.7,3.4,47.1,60.1
1322,86.7,3.4,47.1,60.1
1323,86.7,1.6,47.1,58.6
1324,86.7,1.6,47.1,58.6
1325,86.7,5.9,47.0,57.4
1326,86.7,5.9,47.0,57.4
1327,86.7,0.8,46.8,56.0
1328,86.7,0.8,46.8,56.0
1329,86.7,0.5,46.8,54.5
1330,86.7,0.5,46.8,54.5
1331,86.7,3.4,46.8,53.4
1332,86.7,3.4,46.8,53.4
1333,86.7,4.0,46.9,61.8
1334,86.7,4.0,46.9,61.8
1335,86.7,12.8,47.0,60.6
1336,86.7,12.8,47.0,60.6
1337,86.7,6.8,47.0,68.8
1338,86.7,6.8,47.0,68.8
1339,86.7,14.2,46.9,67.9
1340,86.7,14.2,46.9,67.9
1341,86.7,8.6,46.9,67.0
1342,86.7,8.6,46.9,67.0
1343,86.7,8.9,46.9,66.3
1344,86.7,8.9,46.9,66.3
1345,86.7,7.0,46.9,65.5
1346,86.7,7.0,46.9,65.5
1347,86.7,11.2,46.9,64.9
1348,86.7,11.2,46.9,64.9
1349,86.7,10.8,46.9,64.1
1350,86.7,10.8,46.9,64.1
1351,86.7,25.3,47.3,64.3
1352,86.7,25.3,47.3,64.3
1353,86.7,15.9,47.4,63.9
1354,86.7,15.9,47.4,63.9
1355,86.7,19.0,47.4,63.9
1356,86.7,19.0,47.4,63.9
1357,86.7,11.5,47.5,63.8
1358,86.7,11.5,47.5,63.8
1359,86.7,21.7,47.5,64.0
1360,86.7,21.7,47.5,64.0
1361,86.7,19.8,47.5,63.6
1362,86.7,19.8,47.5,63.6
1363,86.7,26.7,47.6,63.8
1364,86.7,26.7,47.6,63.8
1365,86.7,10.5,47.6,64.0
1366,86.7,10.5,47.6,64.0
1367,86.7,6.8,47.6,63.9
1368,86.7,6.8,47.6,63.9
1369,86.7,6.8,47.6,63.9
1370,86.7,6.8,47.6,63.9
1371,86.7,6.6,47.5,63.6
1372,86.7,6.6,47.5,63.6
1373,86.7,6.5,47.5,63.6
1374,86.7,6.5,47.5,63.6
1375,86.7,7.2,47.5,63.5
1376,86.7,7.2,47.5,63.5
1377,86.7,13.3,47.7,64.3
1378,86.7,13.3,47.7,64.3
1379,86.7,11.2,47.4,64.0
1380,86.7,11.2,47.4,64.0
1381,86.7,26.3,47.8,64.8
1382,86.7,26.3,47.8,64.8
1383,86.7,10.3,47.7,64.1
1384,86.7,10.3,47.7,64.1
1385,86.7,10.0,47.7,63.6
1386,86.7,10.0,47.7,63.6
1387,86.7,7.9,47.7,63.6
1388,86.7,7.9,47.7,63.6
1389,86.7,12.5,47.8,63.6
1390,86.7,12.5,47.8,63.6
1391,86.7,11.1,47.7,64.3
1392,86.7,11.1,47.7,64.3
1393,86.7,9.5,47.7,63.8
1394,86.7,9.5,47.7,63.8
1395,86.7,11.5,47.7,63.5
1396,86.7,11.5,47.7,63.5
1397,86.7,14.8,48.2,63.1
1398,86.7,14.8,48.2,63.1
1399,86.7,20.8,48.2,63.0
1400,86.7,20.8,48.2,63.0
1401,86.7,10.5,47.8,62.4
1402,86.7,10.5,47.8,62.4
1403,86.7,6.0,47.7,62.3
1404,86.7,6.0,47.7,62.3
1405,86.7,8.5,47.7,61.9
1406,86.7,8.5,47.7,61.9
1407,86.7,11.1,47.7,61.9
1408,86.7,11.1,47.7,61.9
1409,86.7,12.8,47.7,62.5
1410,86.7,12.8,47.7,62.5
1411,86.7,7.4,47.7,62.3
1412,86.7,7.4,47.7,62.3
1413,86.7,6.5,47.7,61.8
1414,86.7,6.5,47.7,61.8
1415,86.7,7.6,47.6,70.0
1416,86.7,7.6,47.6,70.0
1417,86.7,3.0,47.6,68.4
1418,86.7,3.0,47.6,68.4
1419,86.7,8.0,47.3,66.9
1420,86.7,8.0,47.3,66.9
1421,86.7,5.9,47.3,65.5
1422,86.7,5.9,47.3,65.5
1423,86.7,8.2,47.3,64.4
1424,86.7,8.2,47.3,64.4
1425,86.7,1.8,47.2,63.0
1426,86.7,1.8,47.2,63.0
1427,86.7,10.0,47.3,63.6
1428,86.7,10.0,47.3,63.6
1429,86.7,15.8,47.3,63.5
1430,86.7,15.8,47.3,63.5
1431,86.7,11.3,47.3,63.5
1432,86.7,11.3,47.3,63.5
1433,86.7,16.7,47.6,63.8
1434,86.7,16.7,47.6,63.8
1435,86.7,9.9,47.5,64.4
1436,86.7,9.9,47.5,64.4
1437,86.7,32.3,48.2,63.8
1438,86.7,32.3,48.2,63.8
1439,86.7,25.4,48.1,63.6
1440,86.7,25.4,48.1,63.6
1441,86.7,11.2,48.2,63.8
1442,86.7,11.2,48.2,63.8
1443,86.7,12.4,48.3,64.0
1444,86.7,12.4,48.3,64.0
1445,86.7,29.5,48.3,63.9
1446,86.7,29.5,48.3,63.9
1447,86.7,11.6,48.5,64.0
1448,86.7,11.6,48.5,64.0
1449,86.7,9.6,48.4,63.8
1450,86.7,9.6,48.4,63.8
1451,86.7,16.8,48.3,64.0
1452,86.7,16.8,48.3,64.0
1453,86.7,9.5,48.2,63.8
1454,86.7,9.5,48.2,63.8
1455,86.7,12.0,48.4,63.5
1456,86.7,12.0,48.4,63.5
1457,86.7,7.8,48.1,63.5
1458,86.7,7.8,48.1,63.5
1459,86.7,7.2,47.9,63.6
1460,86.7,7.2,47.9,63.6
1461,86.7,12.4,47.9,64.4
1462,86.7,12.4,47.9,64.4
1463,86.7,9.9,47.9,64.1
1464,86.7,9.9,47.9,64.1
1465,86.7,6.8,47.9,63.9
1466,86.7,6.8,47.9,63.9
1467,86.7,14.8,47.5,63.6
1468,86.7,14.8,47.5,63.6
1469,86.7,15.0,47.4,63.6
1470,86.7,15.0,47.4,63.6
1471,86.7,8.7,47.4,63.8
1472,86.7,8.7,47.4,63.8
1473,86.7,7.2,47.4,63.6
1474,86.7,7.2,47.4,63.6
1475,86.7,6.4,47.3,63.6
1476,86.7,6.4,47.3,63.6
1477,86.7,7.4,47.3,63.5
1478,86.7,7.4,47.3,63.5
1479,86.7,7.2,47.4,63.4
1480,86.7,7.2,47.4,63.4
1481,86.7,12.4,47.4,64.3
1482,86.7,12.4,47.4,64.3
1483,86.7,14.8,47.6,64.1
1484,86.7,14.8,47.6,64.1
1485,86.7,6.5,47.5,63.3
1486,86.7,6.5,47.5,63.3
1487,86.7,7.0,47.5,62.8
1488,86.7,7.0,47.5,62.8
1489,86.7,6.4,47.5,62.4
1490,86.7,6.4,47.5,62.4
1491,86.7,8.7,47.4,62.0
1492,86.7,8.7,47.4,62.0
1493,86.7,14.2,47.7,61.9
1494,86.7,14.2,47.7,61.9
1495,86.7,11.7,47.7,61.9
1496,86.7,11.7,47.7,61.9
1497,86.7,13.8,48.0,61.9
1498,86.7,13.8,48.0,61.9
1499,86.7,11.6,47.6,62.0
1500,86.7,11.6,47.6,62.0
1501,86.7,15.6,47.5,63.1
1502,86.7,15.6,47.5,63.1
1503,86.7,12.6,47.7,63.3
1504,86.7,12.6,47.7,63.3
1505,86.7,8.2,47.7,63.3
1506,86.7,8.2,47.7,63.3
1507,86.7,10.2,47.7,63.3
1508,86.7,10.2,47.7,63.3
1509,86.7,15.9,47.7,63.6
1510,86.7,15.9,47.7,63.6
1511,86.7,20.5,47.7,63.5
1512,86.7,20.5,47.7,63.5
1513,86.7,12.4,47.9,63.8
1514,86.7,12.4,47.9,63.8
1515,86.7,8.7,48.2,64.0
1516,86.7,8.7,48.2,64.0
1517,86.7,13.9,48.7,63.4
1518,86.7,13.9,48.7,63.4
1519,86.7,14.8,47.5,63.3
1520,86.7,14.8,47.5,63.3
1521,86.7,12.8,47.6,63.3
1522,86.7,12.8,47.6,63.3
1523,86.7,6.9,47.5,62.0
1524,86.7,6.9,47.5,62.0
1525,86.7,13.2,47.5,61.8
1526,86.7,13.2,47.5,61.8
1527,86.7,11.1,47.6,61.9
1528,86.7,11.1,47.6,61.9
1529,86.7,22.8,47.8,70.9
1530,86.7,22.8,47.8,70.9
1531,86.7,12.6,48.1,69.4
1532,86.7,12.6,48.1,69.4
1533,86.7,16.1,47.9,68.1
1534,86.7,10.0,48.1,67.3
1535,86.7,10.0,48.1,67.3
1536,86.7,10.3,48.0,67.1
1537,86.7,10.3,48.0,67.1
1538,86.7,10.3,48.0,67.1
1539,86.7,7.9,47.9,66.4
1540,86.7,6.9,47.9,65.6
1541,86.7,6.9,47.9,65.6
1542,86.7,8.3,47.9,65.0
1543,86.7,8.3,47.9,65.0
1544,86.7,8.1,47.9,64.5
1545,86.7,8.1,47.9,64.5
1546,86.7,12.2,47.9,64.5
1547,86.7,12.2,47.9,64.5
1548,86.7,16.8,47.8,64.1
1549,86.7,16.8,47.8,64.1
1550,86.7,20.4,47.7,64.0
1551,86.7,20.4,47.7,64.0
1552,86.7,28.8,48.2,64.6
1553,86.7,28.8,48.2,64.6
1554,86.7,15.2,48.5,64.3
1555,86.7,15.2,48.5,64.3
1556,86.7,21.1,49.0,64.4
1557,86.7,21.1,49.0,64.4
1558,86.7,11.2,49.1,64.0
1559,86.7,11.2,49.1,64.0
1560,86.7,6.5,49.0,63.9
1561,86.7,6.5,49.0,63.9
1562,86.7,5.6,48.9,63.6
1563,86.7,5.6,48.9,63.6
1564,86.7,7.0,49.0,63.6
1565,86.7,7.0,49.0,63.6
1566,86.7,9.0,49.0,63.6
1567,86.7,9.0,49.0,63.6
1568,86.7,7.8,48.8,63.8
1569,86.7,7.8,48.8,63.8
1570,86.7,9.5,48.9,64.3
1571,86.7,9.5,48.9,64.3
1572,86.7,6.5,48.9,64.1
1573,86.7,6.5,48.9,64.1
1574,86.7,9.6,48.9,64.6
1575,86.7,9.6,48.9,64.6
1576,86.7,5.7,48.8,64.0
1577,86.7,5.7,48.8,64.0
1578,86.7,6.9,48.8,63.6
1579,86.7,6.9,48.8,63.6
1580,86.7,8.7,49.0,63.5
1581,86.7,8.7,49.0,63.5
1582,86.7,13.5,49.0,64.0
1583,86.7,13.5,49.0,64.0
1584,86.7,7.7,48.9,63.8
1585,86.7,7.7,48.9,63.8
1586,86.7,10.0,48.7,63.5
1587,86.7,10.0,48.7,63.5
1588,86.7,6.0,48.6,63.5
1589,86.7,6.0,48.6,63.5
1590,86.7,8.1,48.6,63.4
1591,86.7,8.1,48.6,63.4
1592,86.7,9.1,48.4,63.4
1593,86.7,9.1,48.4,63.4
1594,86.7,6.0,48.4,63.3
1595,86.7,6.0,48.4,63.3
1596,86.7,7.2,48.4,63.0
1597,86.7,7.2,48.4,63.0
1598,86.7,9.8,48.4,63.8
1599,86.7,9.8,48.4,63.8
1600,86.7,9.4,48.5,63.3
1601,86.7,9.4,48.5,63.3
1602,86.7,15.3,48.4,64.1
1603,86.7,15.3,48.4,64.1
1604,86.7,9.0,48.4,63.9
1605,86.7,9.0,48.4,63.9
1606,86.7,13.7,48.5,63.6
1607,86.7,13.7,48.5,63.6
1608,86.7,6.6,48.5,63.5
1609,86.7,6.6,48.5,63.5
1610,86.7,12.5,48.5,63.3
1611,86.7,12.5,48.5,63.3
1612,86.7,33.5,49.1,63.8
1613,86.7,33.5,49.1,63.8
1614,86.7,33.2,49.3,63.5
1615,86.7,33.2,49.3,63.5
1616,86.7,29.3,49.3,63.4
1617,86.7,29.3,49.3,63.4
1618,86.7,20.1,49.3,64.3
1619,86.7,20.1,49.3,64.3
1620,86.7,38.2,49.3,72.6
1621,86.7,38.2,49.3,72.6
1622,86.7,21.1,49.4,71.0
1623,86.7,21.1,49.4,71.0
1624,86.7,25.6,49.4,69.6
1625,86.7,25.6,49.4,69.6
1626,86.7,22.0,49.4,68.1
1627,86.7,22.0,49.4,68.1
1628,86.7,19.7,48.8,67.3
1629,86.7,19.7,48.8,67.3
1630,86.7,14.5,48.7,66.5
1631,86.7,14.5,48.7,66.5
1632,86.7,14.8,48.8,65.9
1633,86.7,14.8,48.8,65.9
1634,86.7,6.9,48.8,65.1
1635,86.7,6.9,48.8,65.1
1636,86.7,10.6,48.8,64.5
1637,86.7,10.6,48.8,64.5
1638,86.7,6.9,48.7,64.3
1639,86.7,6.9,48.7,64.3
1640,86.7,5.7,48.6,63.9
1641,86.7,5.7,48.6,63.9
1642,86.7,6.4,48.6,63.8
1643,86.7,6.4,48.6,63.8
1644,86.7,6.6,48.6,63.6
1645,86.7,6.6,48.6,63.6
1646,86.7,7.2,48.6,63.6
1647,86.7,7.2,48.6,63.6
1648,86.7,10.0,48.5,64.4
1649,86.7,10.0,48.5,64.4
1650,86.7,7.6,48.6,64.0
1651,86.7,7.6,48.6,64.0
1652,86.7,9.5,48.6,63.6
1653,86.7,9.5,48.6,63.6
1654,86.7,11.7,48.6,64.5
1655,86.7,11.7,48.6,64.5
1656,86.7,6.5,48.6,64.4
1657,86.7,6.5,48.6,64.4
1658,86.7,5.6,48.6,64.0
1659,86.7,5.6,48.6,64.0
1660,86.7,7.7,48.5,63.4
1661,86.7,7.7,48.5,63.4
1662,86.7,16.0,48.9,63.1
1663,86.7,16.0,48.9,63.1
1664,86.7,24.1,48.9,63.8
1665,86.7,24.1,48.9,63.8
1666,86.7,25.2,48.9,64.0
1667,86.7,25.2,48.9,64.0
1668,86.7,19.1,48.9,63.9
1669,86.7,19.1,48.9,63.9
1670,86.7,7.3,48.9,63.6
1671,86.7,7.3,48.9,63.6
1672,86.7,8.5,48.8,63.4
1673,86.7,8.5,48.8,63.4
1674,86.7,6.5,48.8,63.3
1675,86.7,6.5,48.8,63.3
1676,86.7,12.8,48.7,64.3
1677,86.7,12.8,48.7,64.3
1678,86.7,7.6,48.7,63.0
1679,86.7,7.6,48.7,63.0
1680,86.7,34.6,49.4,63.0
1681,86.7,34.6,49.4,63.0
1682,86.7,39.1,49.4,71.6
1683,86.7,39.1,49.4,71.6
1684,86.7,19.9,49.4,70.0
1685,86.7,19.9,49.4,70.0
1686,86.7,32.0,49.4,69.1
1687,86.7,32.0,49.4,69.1
1688,86.7,28.5,49.4,68.1
1689,86.7,28.5,49.4,68.1
1690,86.7,19.7,48.8,67.9
1691,86.7,19.7,48.8,67.9
1692,86.7,12.2,48.8,67.0
1693,86.7,12.2,48.8,67.0
1694,86.7,16.9,48.9,66.3
1695,86.7,16.9,48.9,66.3
1696,86.7,15.2,48.9,65.9
1697,86.7,15.2,48.9,65.9
1698,86.7,17.3,48.9,65.9
1699,86.7,17.3,48.9,65.9
1700,86.7,29.9,49.4,65.1
1701,86.7,29.9,49.4,65.1
1702,86.7,23.4,49.4,64.6
1703,86.7,23.4,49.4,64.6
1704,86.7,25.3,49.4,64.1
1705,86.7,25.3,49.4,64.1
1706,86.7,15.9,49.4,64.0
1707,86.7,15.9,49.4,64.0
1708,86.7,23.4,49.3,63.6
1709,86.7,23.4,49.3,63.6
1710,86.7,22.3,50.1,64.0
1711,86.7,22.3,50.1,64.0
1712,86.7,20.4,50.1,63.4
1713,86.7,20.4,50.1,63.4
1714,86.7,27.7,50.1,63.4
1715,86.7,27.7,50.1,63.4
1716,86.7,28.9,50.4,63.0
1717,86.7,28.9,50.4,63.0
1718,86.7,25.0,50.4,62.5
1719,86.7,25.0,50.4,62.5
1720,86.7,28.0,50.4,62.6
1721,86.7,28.0,50.4,62.6
1722,86.7,24.0,50.3,63.1
1723,86.7,24.0,50.3,63.1
1724,86.7,12.9,50.2,62.9
1725,86.7,12.9,50.2,62.9
1726,86.7,21.5,50.0,63.3
1727,86.7,21.5,50.0,63.3
1728,86.7,13.3,49.9,64.5
1729,86.7,13.3,49.9,64.5
1730,86.7,23.0,49.6,64.8
1731,86.7,23.0,49.6,64.8
1732,86.7,18.0,49.2,64.3
1733,86.7,18.0,49.2,64.3
1734,86.7,22.5,49.3,64.5
1735,86.7,22.5,49.3,64.5
1736,86.7,12.0,49.3,64.3
1737,86.7,12.0,49.3,64.3
1738,86.7,17.4,49.4,64.6
1739,86.7,17.4,49.4,64.6
1740,86.7,20.6,49.3,64.8
1741,86.7,20.6,49.3,64.8
1742,86.7,21.1,49.2,65.0
1743,86.7,21.1,49.2,65.0
1744,86.7,11.1,49.2,64.5
1745,86.7,11.1,49.2,64.5
1746,86.7,10.3,49.1,64.4
1747,86.7,10.3,49.1,64.4
1748,86.7,10.4,49.0,64.1
1749,86.7,10.4,49.0,64.1
1750,86.7,11.7,49.0,64.0
1751,86.7,11.7,49.0,64.0
1752,86.7,18.9,49.1,64.3
1753,86.7,18.9,49.1,64.3
1754,86.7,19.0,49.1,64.9
1755,86.7,19.0,49.1,64.9
1756,86.7,10.2,49.0,64.3
1757,86.7,10.2,49.0,64.3
1758,86.7,14.5,49.0,64.5
1759,86.7,14.5,49.0,64.5
1760,86.7,15.6,49.0,64.3
1761,86.7,15.6,49.0,64.3
1762,86.7,10.9,49.0,64.3
1763,86.7,10.9,49.0,64.3
1764,86.7,18.4,49.1,63.8
1765,86.7,18.4,49.1,63.8
1766,86.7,19.1,49.1,64.4
1767,86.7,19.1,49.1,64.4
1768,86.7,21.0,49.1,64.8
1769,86.7,21.0,49.1,64.8
1770,86.7,28.5,49.8,64.3
1771,86.7,28.5,49.8,64.3
1772,86.7,33.9,50.0,73.6
1773,86.7,33.9,50.0,73.6
1774,86.7,23.0,50.1,72.1
1775,86.7,23.0,50.1,72.1
1776,86.7,27.6,50.0,70.5
1777,86.7,27.6,50.0,70.5
1778,86.7,19.4,50.0,69.1
1779,86.7,19.4,50.0,69.1
1780,86.7,21.1,49.8,67.9
1781,86.7,21.1,49.8,67.9
1782,86.7,16.5,49.8,67.1
1783,86.7,16.5,49.8,67.1
1784,86.7,16.9,49.7,66.4
1785,86.7,16.9,49.7,66.4
1786,86.7,14.7,49.7,65.8
1787,86.7,14.7,49.7,65.8
1788,86.7,20.8,49.6,65.1
1789,86.7,20.8,49.6,65.1
1790,86.7,16.4,49.6,64.4
1791,86.7,16.4,49.6,64.4
1792,86.7,14.7,49.6,64.1
1793,86.7,14.7,49.6,64.1
1794,86.7,14.2,49.6,63.9
1795,86.7,14.2,49.6,63.9
1796,86.7,16.9,49.6,63.8
1797,86.7,16.9,49.6,63.8
1798,86.7,19.5,49.7,63.4
1799,86.7,19.5,49.7,63.4
1800,86.7,22.1,49.7,63.5
1801,86.7,22.1,49.7,63.5
1802,86.7,8.1,49.7,62.4
1803,86.7,8.1,49.7,62.4
1804,86.7,19.7,49.8,62.1
1805,86.7,19.7,49.8,62.1
1806,86.7,15.1,49.8,62.1
1807,86.7,15.1,49.8,62.1
1808,86.7,12.3,49.7,61.9
1809,86.7,12.3,49.7,61.9
1810,86.7,21.2,49.7,72.5
1811,86.7,21.2,49.7,72.5
1812,86.7,9.6,49.7,70.9
1813,86.7,9.6,49.7,70.9
1814,86.7,11.7,49.7,69.4
1815,86.7,11.7,49.7,69.4
1816,86.7,22.8,49.7,68.3
1817,86.7,22.8,49.7,68.3
1818,86.7,13.2,49.6,67.3
1819,86.7,13.2,49.6,67.3
1820,86.7,11.2,49.6,66.5
1821,86.7,11.2,49.6,66.5
1822,86.7,14.6,49.6,65.9
1823,86.7,14.6,49.6,65.9
1824,86.7,22.8,49.7,65.8
1825,86.7,22.8,49.7,65.8
1826,86.7,33.5,49.8,65.6
1827,86.7,33.5,49.8,65.6
1828,86.7,25.0,49.8,65.3
1829,86.7,25.0,49.8,65.3
1830,86.7,17.0,49.8,64.8
1831,86.7,17.0,49.8,64.8
1832,86.7,11.3,49.8,64.3
1833,86.7,11.3,49.8,64.3
1834,86.7,12.5,49.8,64.1
1835,86.7,12.5,49.8,64.1
1836,86.7,14.8,49.7,63.6
1837,86.7,14.8,49.7,63.6
1838,86.7,50.9,49.9,72.9
1839,86.7,50.9,49.9,72.9
1840,86.7,29.6,49.8,71.4
1841,86.7,29.6,49.8,71.4
1842,86.7,37.0,49.9,70.1
1843,86.7,37.0,49.9,70.1
1844,86.7,24.7,49.9,68.6
1845,86.7,24.7,49.9,68.6
1846,86.7,46.2,49.9,68.1
1847,86.7,46.2,49.9,68.1
1848,86.7,31.3,49.9,67.9
1849,86.7,31.3,49.9,67.9
1850,86.7,22.1,49.9,67.0
1851,86.7,22.1,49.9,67.0
1852,86.7,16.3,50.0,66.3
1853,86.7,16.3,50.0,66.3
1854,86.7,14.6,50.0,65.5
1855,86.7,14.6,50.0,65.5
1856,86.7,14.7,50.0,64.8
1857,86.7,14.7,50.0,64.8
1858,86.7,14.4,50.0,64.3
1859,86.7,14.4,50.0,64.3
1860,86.7,19.0,49.9,72.5
1861,86.7,19.0,49.9,72.5
1862,86.7,16.3,49.9,71.1
1863,86.7,16.3,49.9,71.1
1864,86.7,19.4,49.9,69.6
1865,86.7,19.4,49.9,69.6
1866,86.7,33.5,50.0,68.6
1867,86.7,33.5,50.0,68.6
1868,86.7,31.9,50.0,67.8
1869,86.7,31.9,50.0,67.8
1870,86.7,45.2,50.0,67.6
1871,86.7,45.2,50.0,67.6
1872,86.7,38.6,50.0,76.9
1873,86.7,38.6,50.0,76.9
1874,86.7,10.1,50.0,75.3
1875,86.7,10.1,50.0,75.3
1876,86.7,13.1,50.0,73.8
1877,86.7,13.1,50.0,73.8
1878,86.7,20.2,49.9,72.1
1879,86.7,20.2,49.9,72.1
1880,86.7,15.0,49.9,70.6
1881,86.7,15.0,49.9,70.6
1882,86.7,17.7,49.9,69.3
1883,86.7,17.7,49.9,69.3
1884,86.7,13.2,49.9,68.3
1885,86.7,13.2,49.9,68.3
1886,86.7,19.0,49.9,67.5
1887,86.7,19.0,49.9,67.5
1888,86.7,18.1,50.0,66.9
1889,86.7,18.1,50.0,66.9
1890,86.7,14.7,50.1,66.1
1891,86.7,14.7,50.1,66.1
1892,86.7,16.8,50.0,65.5
1893,86.7,16.8,50.0,65.5
1894,86.7,18.5,49.6,64.8
1895,86.7,18.5,49.6,64.8
1896,86.7,22.5,49.6,64.3
1897,86.7,22.5,49.6,64.3
1898,86.7,17.7,49.6,63.8
1899,86.7,17.7,49.6,63.8
1900,86.7,18.6,49.7,64.5
1901,86.7,18.6,49.7,64.5
1902,86.7,22.9,49.7,64.1
1903,86.7,22.9,49.7,64.1
1904,86.7,15.4,49.7,63.8
1905,86.7,15.4,49.7,63.8
1906,86.7,14.1,49.7,63.5
1907,86.7,14.1,49.7,63.5
1908,86.7,14.5,49.8,63.5
1909,86.7,14.5,49.8,63.5
1910,86.7,18.8,49.9,73.4
1911,86.7,18.8,49.9,73.4
1912,86.7,19.5,49.8,72.0
1913,86.7,19.5,49.8,72.0
1914,86.7,23.5,49.8,70.4
1915,86.7,23.5,49.8,70.4
1916,86.7,17.5,49.8,69.0
1917,86.7,17.5,49.8,69.0
1918,86.7,13.3,49.8,68.0
1919,86.7,19.0,49.8,67.5
1920,86.7,19.0,49.8,67.5
1921,86.7,19.0,49.8,67.5
1922,86.7,13.0,49.8,66.9
1923,86.7,13.0,49.8,66.9
1924,86.7,14.5,49.8,66.3
1925,86.7,11.5,49.8,65.6
1926,86.7,11.5,49.8,65.6
1927,86.7,16.9,49.8,64.9
1928,86.7,16.9,49.8,64.9
1929,86.7,15.6,49.7,64.3
1930,86.7,15.6,49.7,64.3
1931,86.7,14.1,49.7,64.0
1932,86.7,14.1,49.7,64.0
1933,86.7,13.8,49.7,63.5
1934,86.7,13.8,49.7,63.5
1935,86.7,14.6,49.8,63.5
1936,86.7,14.6,49.8,63.5
1937,86.7,15.8,49.8,71.5
1938,86.7,15.8,49.8,71.5
1939,86.7,19.9,49.8,70.1
1940,86.7,19.9,49.8,70.1
1941,86.7,13.2,49.8,68.8
1942,86.7,13.2,49.8,68.8
1943,86.7,15.0,49.8,68.0
1944,86.7,15.0,49.8,68.0
1945,86.7,13.4,49.8,67.1
1946,86.7,13.4,49.8,67.1
1947,86.7,17.1,49.8,66.4
1948,86.7,17.1,49.8,66.4
1949,86.7,15.4,49.9,65.8
1950,86.7,15.4,49.9,65.8
1951,86.7,14.1,49.8,65.3
1952,86.7,14.1,49.8,65.3
1953,86.7,16.0,49.8,64.8
1954,86.7,16.0,49.8,64.8
1955,86.7,16.0,49.8,73.6
1956,86.7,16.0,49.8,73.6
1957,86.7,10.7,49.9,72.0
1958,86.7,10.7,49.9,72.0
1959,86.7,15.8,49.8,70.6
1960,86.7,15.8,49.8,70.6
1961,86.7,14.4,49.9,69.1
1962,86.7,14.4,49.9,69.1
1963,86.7,17.7,49.9,67.9
1964,86.7,17.7,49.9,67.9
1965,86.7,16.7,49.9,67.1
1966,86.7,16.7,49.9,67.1
1967,86.7,16.7,49.8,66.5
1968,86.7,16.7,49.8,66.5
1969,86.7,15.1,49.8,66.4
1970,86.7,15.1,49.8,66.4
1971,86.7,14.8,49.8,65.5
1972,86.7,14.8,49.8,65.5
1973,86.7,18.8,50.0,65.1
1974,86.7,18.8,50.0,65.1
1975,86.7,15.0,50.0,64.6
1976,86.7,15.0,50.0,64.6
1977,86.7,21.5,50.0,64.8
1978,86.7,21.5,50.0,64.8
1979,86.7,20.7,49.9,64.3
1980,86.7,20.7,49.9,64.3
1981,86.7,24.0,49.8,64.5
1982,86.7,24.0,49.8,64.5
1983,86.7,18.4,49.8,64.3
1984,86.7,18.4,49.8,64.3
1985,86.7,17.1,49.8,63.8
1986,86.7,17.1,49.8,63.8
1987,86.7,15.3,49.9,63.3
1988,86.7,15.3,49.9,63.3
1989,86.7,17.8,49.8,63.1
1990,86.7,17.8,49.8,63.1
1991,86.7,27.7,50.0,63.4
1992,86.7,27.7,50.0,63.4
1993,86.7,50.9,50.0,72.4
1994,86.7,50.9,50.0,72.4
1995,86.7,25.9,49.9,70.9
1996,86.7,25.9,49.9,70.9
1997,86.7,20.5,49.9,69.5
1998,86.7,20.5,49.9,69.5
1999,86.7,25.1,50.0,68.4
2000,86.7,25.1,50.0,68.4
{
""""
i
d
""""
:
 
0
","
 
""""
T
e
x
t
""""
:
 
""""
S
e
n
s
o
r
""""
","
 
""""
C
h
i
l
d
r
e
n
""""
:
 
[
{
""""
i
d
""""
:
 
1
","
 
""""
T
e
x
t
""""
:
 
""""
D
E
S
K
T
O
P
-
M
F
N
Q
C
O
T
""""
","
 
""""
C
h
i
l
d
r
e
n
""""
:
 
[
{
""""
i
d
""""
:
 
2
","
 
""""
T
e
x
t
""""
:
 
""""
A
M
D
 
R
y
z
e
n
 
5
 
3
6
0
0
""""
","
 
""""
C
h
i
l
d
r
e
n
""""
:
 
[
{
""""
i
d
""""
:
 
3
","
 
""""
T
e
x
t
""""
:
 
""""
C
l
o
c
k
s
""""
","
 
""""
C
h
i
l
d
r
e
n
""""
:
 
[
{
""""
i
d
""""
:
 
4
","
 
""""
T
e
x
t
""""
:
 
""""
B
u
s
 
S
p
e
e
d
""""
","
 
""""
C
h
i
l
d
r
e
n
""""
:
 
[
]
","
 
""""
M
i
n
""""
:
 
""""
9
9
","
8
 
M
H
z
""""
","
 
""""
V
a
l
u
e
""""
:
 
""""
9
9
","
8
 
M
H
z
""""
","
 
""""
M
a
x
""""
:
 
""""
9
9
","
8
 
M
H
z
""""
","
 
""""
I
m
a
g
e
U
R
L
""""
:
 
""""
i
m
a
g
e
s
/
t
r
a
n
s
p
a
r
e
n
t
.
p
n
g
""""
}
","
 
{
""""
i
d
""""
:
 
5
","
 
""""
T
e
x
t
""""
:
 
""""
C
P
U
 
C
o
r
e
 
#
1
""""
","
 
""""
C
h
i
l
d
r
e
n
""""
:
 
[
]
","
 
""""
M
i
n
""""
:
 
""""
3
2
3
3
","
9
 
M
H
z
""""
","
 
""""
V
a
l
u
e
""""
:
 
""""
4
0
9
2
","
3
 
M
H
z
""""
","
 
""""
M
a
x
""""
:
 
""""
4
1
9
2
","
2
 
M
H
z
""""
","
 
""""
I
m
a
g
e
U
R
L
""""
:
 
""""
i
m
a
g
e
s
/
t
r
a
n
s
p
a
r
e
n
t
.
p
n
g
""""
}
","
 
{
""""
i
d
""""
:
 
6
","
 
""""
T
e
x
t
""""
:
 
""""
C
P
U
 
C
o
r
e
 
#
2
""""
","
 
""""
C
h
i
l
d
r
e
n
""""
:
 
[
]
","
 
""""
M
i
n
""""
:
 
""""
2
8
7
4
","
6
 
M
H
z
""""
","
 
""""
V
a
l
u
e
""""
:
 
""""
4
0
9
2
","
3
 
M
H
z
""""
","
 
""""
M
a
x
""""
:
 
""""
4
1
9
2
","
2
 
M
H
z
""""
","
 
""""
I
m
a
g
e
U
R
L
""""
:
 
""""
i
m
a
g
e
s
/
t
r
a
n
s
p
a
r
e
n
t
.
p
n
g
""""
}
","
 
{
""""
i
d
""""
:
 
7
","
 
""""
T
e
x
t
""""
:
 
""""
C
P
U
 
C
o
r
e
 
#
3
""""
","
 
""""
C
h
i
l
d
r
e
n
""""
:
 
[
]
","
 
""""
M
i
n
""""
:
 
""""
2
8
7
4
","
6
 
M
H
z
""""
","
 
""""
V
a
l
u
e
""""
:
 
""""
4
0
9
2
","
3
 
M
H
z
""""
","
 
""""
M
a
x
""""
:
 
""""
4
1
9
2
","
2
 
M
H
z
""""
","
 
""""
I
m
a
g
e
U
R
L
""""
:
 
""""
i
m
a
g
e
s
/
t
r
a
n
s
p
a
r
e
n
t
.
p
n
g
""""
}
","
 
{
""""
i
d
""""
:
 
8
","
 
""""
T
e
x
t
""""
:
 
""""
C
P
U
 
C
o
r
e
 
#
4
""""
","
 
""""
C
h
i
l
d
r
e
n
""""
:
 
[
]
","
 
""""
M
i
n
""""
:
 
""""
3
2
3
3
","
9
 
M
H
z
""""
","
 
""""
V
a
l
u
e
""""
:
 
""""
4
0
9
2
","
3
 
M
H
z
""""
","
 
""""
M
a
x
""""
:
 
""""
4
1
9
2
","
2
 
M
H
z
""""
","
 
""""
I
m
a
g
e
U
R
L
""""
:
 
""""
i
m
a
g
e
s
/
t
r
a
n
s
p
a
r
e
n
t
.
p
n
g
""""
}
","
 
{
""""
i
d
""""
:
 
9
","
 
""""
T
e
x
t
""""
:
 
""""
C
P
U
 
C
o
r
e
 
#
5
""""
","
 
""""
C
h
i
l
d
r
e
n
""""
:
 
[
]
","
 
""""
M
i
n
""""
:
 
""""
2
8
7
4
","
6
 
M
H
z
""""
","
 
""""
V
a
l
u
e
""""
:
 
""""
4
0
9
2
","
3
 
M
H
z
""""
","
 
""""
M
a
x
""""
:
 
""""
4
1
9
2
","
2
 
M
H
z
""""
","
 
""""
I
m
a
g
e
U
R
L
""""
:
 
""""
i
m
a
g
e
s
/
t
r
a
n
s
p
a
r
e
n
t
.
p
n
g
""""
}
","
 
{
""""
i
d
""""
:
 
1
0
","
 
""""
T
e
x
t
""""
:
 
""""
C
P
U
 
C
o
r
e
 
#
6
""""
","
 
""""
C
h
i
l
d
r
e
n
""""
:
 
[
]
","
 
""""
M
i
n
""""
:
 
""""
3
2
9
3
","
8
 
M
H
z
""""
","
 
""""
V
a
l
u
e
""""
:
 
""""
4
0
9
2
","
3
 
M
H
z
""""
","
 
""""
M
a
x
""""
:
 
""""
4
1
9
2
","
2
 
M
H
z
""""
","
 
""""
I
m
a
g
e
U
R
L
""""
:
 
""""
i
m
a
g
e
s
/
t
r
a
n
s
p
a
r
e
n
t
.
p
n
g
""""
}
]
","
 
""""
M
i
n
""""
:
 
""""
""""
","
 
""""
V
a
l
u
e
""""
:
 
""""
""""
","
 
""""
M
a
x
""""
:
 
""""
""""
","
 
""""
I
m
a
g
e
U
R
L
""""
:
 
""""
i
m
a
g
e
s
_
i
c
o
n
/
c
l
o
c
k
.
p
n
g
""""
}
","
 
{
""""
i
d
""""
:
 
1
1
","
 
""""
T
e
x
t
""""
:
 
""""
T
e
m
p
e
r
a
t
u
r
e
s
""""
","
 
""""
C
h
i
l
d
r
e
n
""""
:
 
[
{
""""
i
d
""""
:
 
1
2
","
 
""""
T
e
x
t
""""
:
 
""""
C
P
U
 
P
a
c
k
a
g
e
""""
","
 
""""
C
h
i
l
d
r
e
n
""""
:
 
[
]
","
 
""""
M
i
n
""""
:
 
""""
5
2
","
6
 

C
""""
","
 
""""
V
a
l
u
e
""""
:
 
""""
6
8
","
4
 

C
""""
","
 
""""
M
a
x
""""
:
 
""""
7
6
","
9
 

C
""""
","
 
""""
I
m
a
g
e
U
R
L
""""
:
 
""""
i
m
a
g
e
s
/
t
r
a
n
s
p
a
r
e
n
t
.
p
n
g
""""
}
","
 
{
""""
i
d
""""
:
 
1
3
","
 
""""
T
e
x
t
""""
:
 
""""
C
P
U
 
C
C
D
 
#
1
""""
","
 
""""
C
h
i
l
d
r
e
n
""""
:
 
[
]
","
 
""""
M
i
n
""""
:
 
""""
4
3
","
5
 

C
""""
","
 
""""
V
a
l
u
e
""""
:
 
""""
6
6
","
5
 

C
""""
","
 
""""
M
a
x
""""
:
 
""""
7
3
","
3
 

C
""""
","
 
""""
I
m
a
g
e
U
R
L
""""
:
 
""""
i
m
a
g
e
s
/
t
r
a
n
s
p
a
r
e
n
t
.
p
n
g
""""
}
]
","
 
""""
M
i
n
""""
:
 
""""
""""
","
 
""""
V
a
l
u
e
""""
:
 
""""
""""
","
 
""""
M
a
x
""""
:
 
""""
""""
","
 
""""
I
m
a
g
e
U
R
L
""""
:
 
""""
i
m
a
g
e
s
_
i
c
o
n
/
t
e
m
p
e
r
a
t
u
r
e
.
p
n
g
""""
}
","
 
{
""""
i
d
""""
:
 
1
4
","
 
""""
T
e
x
t
""""
:
 
""""
L
o
a
d
""""
","
 
""""
C
h
i
l
d
r
e
n
""""
:
 
[
{
""""
i
d
""""
:
 
1
5
","
 
""""
T
e
x
t
""""
:
 
""""
C
P
U
 
T
o
t
a
l
""""
","
 
""""
C
h
i
l
d
r
e
n
""""
:
 
[
]
","
 
""""
M
i
n
""""
:
 
""""
0
","
1
 
%
""""
","
 
""""
V
a
l
u
e
""""
:
 
""""
2
5
","
1
 
%
""""
","
 
""""
M
a
x
""""
:
 
""""
5
6
","
8
 
%
""""
","
 
""""
I
m
a
g
e
U
R
L
""""
:
 
""""
i
m
a
g
e
s
/
t
r
a
n
s
p
a
r
e
n
t
.
p
n
g
""""
}
","
 
{
""""
i
d
""""
:
 
1
6
","
 
""""
T
e
x
t
""""
:
 
""""
C
P
U
 
C
o
r
e
 
#
1
""""
","
 
""""
C
h
i
l
d
r
e
n
""""
:
 
[
]
","
 
""""
M
i
n
""""
:
 
""""
0
","
0
 
%
""""
","
 
""""
V
a
l
u
e
""""
:
 
""""
2
3
","
4
 
%
""""
","
 
""""
M
a
x
""""
:
 
""""
5
7
","
8
 
%
""""
","
 
""""
I
m
a
g
e
U
R
L
""""
:
 
""""
i
m
a
g
e
s
/
t
r
a
n
s
p
a
r
e
n
t
.
p
n
g
""""
}
","
 
{
""""
i
d
""""
:
 
1
7
","
 
""""
T
e
x
t
""""
:
 
""""
C
P
U
 
C
o
r
e
 
#
2
""""
","
 
""""
C
h
i
l
d
r
e
n
""""
:
 
[
]
","
 
""""
M
i
n
""""
:
 
""""
0
","
0
 
%
""""
","
 
""""
V
a
l
u
e
""""
:
 
""""
4
2
","
2
 
%
""""
","
 
""""
M
a
x
""""
:
 
""""
6
4
","
1
 
%
""""
","
 
""""
I
m
a
g
e
U
R
L
""""
:
 
""""
i
m
a
g
e
s
/
t
r
a
n
s
p
a
r
e
n
t
.
p
n
g
""""
}
","
 
{
""""
i
d
""""
:
 
1
8
","
 
""""
T
e
x
t
""""
:
 
""""
C
P
U
 
C
o
r
e
 
#
3
""""
","
 
""""
C
h
i
l
d
r
e
n
""""
:
 
[
]
","
 
""""
M
i
n
""""
:
 
""""
0
","
0
 
%
""""
","
 
""""
V
a
l
u
e
""""
:
 
""""
1
6
","
4
 
%
""""
","
 
""""
M
a
x
""""
:
 
""""
5
1
","
6
 
%
""""
","
 
""""
I
m
a
g
e
U
R
L
""""
:
 
""""
i
m
a
g
e
s
/
t
r
a
n
s
p
a
r
e
n
t
.
p
n
g
""""
}
","
 
{
""""
i
d
""""
:
 
1
9
","
 
""""
T
e
x
t
""""
:
 
""""
C
P
U
 
C
o
r
e
 
#
4
""""
","
 
""""
C
h
i
l
d
r
e
n
""""
:
 
[
]
","
 
""""
M
i
n
""""
:
 
""""
0
","
0
 
%
""""
","
 
""""
V
a
l
u
e
""""
:
 
""""
1
4
","
1
 
%
""""
","
 
""""
M
a
x
""""
:
 
""""
4
7
","
7
 
%
""""
","
 
""""
I
m
a
g
e
U
R
L
""""
:
 
""""
i
m
a
g
e
s
/
t
r
a
n
s
p
a
r
e
n
t
.
p
n
g
""""
}
","
 
{
""""
i
d
""""
:
 
2
0
","
 
""""
T
e
x
t
""""
:
 
""""
C
P
U
 
C
o
r
e
 
#
5
""""
","
 
""""
C
h
i
l
d
r
e
n
""""
:
 
[
]
","
 
""""
M
i
n
""""
:
 
""""
0
","
0
 
%
""""
","
 
""""
V
a
l
u
e
""""
:
 
""""
1
7
","
1
 
%
""""
","
 
""""
M
a
x
""""
:
 
""""
5
1
","
2
 
%
""""
","
 
""""
I
m
a
g
e
U
R
L
""""
:
 
""""
i
m
a
g
e
s
/
t
r
a
n
s
p
a
r
e
n
t
.
p
n
g
""""
}
","
 
{
""""
i
d
""""
:
 
2
1
","
 
""""
T
e
x
t
""""
:
 
""""
C
P
U
 
C
o
r
e
 
#
6
""""
","
 
""""
C
h
i
l
d
r
e
n
""""
:
 
[
]
","
 
""""
M
i
n
""""
:
 
""""
0
","
0
 
%
""""
","
 
""""
V
a
l
u
e
""""
:
 
""""
3
7
","
5
 
%
""""
","
 
""""
M
a
x
""""
:
 
""""
6
8
","
8
 
%
""""
","
 
""""
I
m
a
g
e
U
R
L
""""
:
 
""""
i
m
a
g
e
s
/
t
r
a
n
s
p
a
r
e
n
t
.
p
n
g
""""
}
]
","
 
""""
M
i
n
""""
:
 
""""
""""
","
 
""""
V
a
l
u
e
""""
:
 
""""
""""
","
 
""""
M
a
x
""""
:
 
""""
""""
","
 
""""
I
m
a
g
e
U
R
L
""""
:
 
""""
i
m
a
g
e
s
_
i
c
o
n
/
l
o
a
d
.
p
n
g
""""
}
","
 
{
""""
i
d
""""
:
 
2
2
","
 
""""
T
e
x
t
""""
:
 
""""
P
o
w
e
r
s
""""
","
 
""""
C
h
i
l
d
r
e
n
""""
:
 
[
{
""""
i
d
""""
:
 
2
3
","
 
""""
T
e
x
t
""""
:
 
""""
C
P
U
 
P
a
c
k
a
g
e
""""
","
 
""""
C
h
i
l
d
r
e
n
""""
:
 
[
]
","
 
""""
M
i
n
""""
:
 
""""
2
7
","
5
 
W
""""
","
 
""""
V
a
l
u
e
""""
:
 
""""
5
4
","
1
 
W
""""
","
 
""""
M
a
x
""""
:
 
""""
6
4
","
1
 
W
""""
","
 
""""
I
m
a
g
e
U
R
L
""""
:
 
""""
i
m
a
g
e
s
/
t
r
a
n
s
p
a
r
e
n
t
.
p
n
g
""""
}
","
 
{
""""
i
d
""""
:
 
2
4
","
 
""""
T
e
x
t
""""
:
 
""""
C
P
U
 
C
o
r
e
s
""""
","
 
""""
C
h
i
l
d
r
e
n
""""
:
 
[
]
","
 
""""
M
i
n
""""
:
 
""""
4
","
8
 
W
""""
","
 
""""
V
a
l
u
e
""""
:
 
""""
3
0
","
6
 
W
""""
","
 
""""
M
a
x
""""
:
 
""""
4
1
","
5
 
W
""""
","
 
""""
I
m
a
g
e
U
R
L
""""
:
 
""""
i
m
a
g
e
s
/
t
r
a
n
s
p
a
r
e
n
t
.
p
n
g
""""
}
","
 
{
""""
i
d
""""
:
 
2
5
","
 
""""
T
e
x
t
""""
:
 
""""
C
P
U
 
C
o
r
e
 
#
1
""""
","
 
""""
C
h
i
l
d
r
e
n
""""
:
 
[
]
","
 
""""
M
i
n
""""
:
 
""""
0
","
8
 
W
""""
","
 
""""
V
a
l
u
e
""""
:
 
""""
4
","
3
 
W
""""
","
 
""""
M
a
x
""""
:
 
""""
1
0
","
1
 
W
""""
","
 
""""
I
m
a
g
e
U
R
L
""""
:
 
""""
i
m
a
g
e
s
/
t
r
a
n
s
p
a
r
e
n
t
.
p
n
g
""""
}
","
 
{
""""
i
d
""""
:
 
2
6
","
 
""""
T
e
x
t
""""
:
 
""""
C
P
U
 
C
o
r
e
 
#
2
""""
","
 
""""
C
h
i
l
d
r
e
n
""""
:
 
[
]
","
 
""""
M
i
n
""""
:
 
""""
0
","
2
 
W
""""
","
 
""""
V
a
l
u
e
""""
:
 
""""
7
","
7
 
W
""""
","
 
""""
M
a
x
""""
:
 
""""
9
","
8
 
W
""""
","
 
""""
I
m
a
g
e
U
R
L
""""
:
 
""""
i
m
a
g
e
s
/
t
r
a
n
s
p
a
r
e
n
t
.
p
n
g
""""
}
","
 
{
""""
i
d
""""
:
 
2
7
","
 
""""
T
e
x
t
""""
:
 
""""
C
P
U
 
C
o
r
e
 
#
3
""""
","
 
""""
C
h
i
l
d
r
e
n
""""
:
 
[
]
","
 
""""
M
i
n
""""
:
 
""""
0
","
1
 
W
""""
","
 
""""
V
a
l
u
e
""""
:
 
""""
3
","
7
 
W
""""
","
 
""""
M
a
x
""""
:
 
""""
6
","
6
 
W
""""
","
 
""""
I
m
a
g
e
U
R
L
""""
:
 
""""
i
m
a
g
e
s
/
t
r
a
n
s
p
a
r
e
n
t
.
p
n
g
""""
}
","
 
{
""""
i
d
""""
:
 
2
8
","
 
""""
T
e
x
t
""""
:
 
""""
C
P
U
 
C
o
r
e
 
#
4
""""
","
 
""""
C
h
i
l
d
r
e
n
""""
:
 
[
]
","
 
""""
M
i
n
""""
:
 
""""
0
","
8
 
W
""""
","
 
""""
V
a
l
u
e
""""
:
 
""""
3
","
7
 
W
""""
","
 
""""
M
a
x
""""
:
 
""""
6
","
0
 
W
""""
","
 
""""
I
m
a
g
e
U
R
L
""""
:
 
""""
i
m
a
g
e
s
/
t
r
a
n
s
p
a
r
e
n
t
.
p
n
g
""""
}
","
 
{
""""
i
d
""""
:
 
2
9
","
 
""""
T
e
x
t
""""
:
 
""""
C
P
U
 
C
o
r
e
 
#
5
""""
","
 
""""
C
h
i
l
d
r
e
n
""""
:
 
[
]
","
 
""""
M
i
n
""""
:
 
""""
0
","
8
 
W
""""
","
 
""""
V
a
l
u
e
""""
:
 
""""
4
","
0
 
W
""""
","
 
""""
M
a
x
""""
:
 
""""
6
","
4
 
W
""""
","
 
""""
I
m
a
g
e
U
R
L
""""
:
 
""""
i
m
a
g
e
s
/
t
r
a
n
s
p
a
r
e
n
t
.
p
n
g
""""
}
","
 
{
""""
i
d
""""
:
 
3
0
","
 
""""
T
e
x
t
""""
:
 
""""
C
P
U
 
C
o
r
e
 
#
6
""""
","
 
""""
C
h
i
l
d
r
e
n
""""
:
 
[
]
","
 
""""
M
i
n
""""
:
 
""""
0
","
7
 
W
""""
","
 
""""
V
a
l
u
e
""""
:
 
""""
7
","
3
 
W
""""
","
 
""""
M
a
x
""""
:
 
""""
1
1
","
0
 
W
""""
","
 
""""
I
m
a
g
e
U
R
L
""""
:
 
""""
i
m
a
g
e
s
/
t
r
a
n
s
p
a
r
e
n
t
.
p
n
g
""""
}
]
","
 
""""
M
i
n
""""
:
 
""""
""""
","
 
""""
V
a
l
u
e
""""
:
 
""""
""""
","
 
""""
M
a
x
""""
:
 
""""
""""
","
 
""""
I
m
a
g
e
U
R
L
""""
:
 
""""
i
m
a
g
e
s
_
i
c
o
n
/
p
o
w
e
r
.
p
n
g
""""
}
]
","
 
""""
M
i
n
""""
:
 
""""
""""
","
 
""""
V
a
l
u
e
""""
:
 
""""
""""
","
 
""""
M
a
x
""""
:
 
""""
""""
","
 
""""
I
m
a
g
e
U
R
L
""""
:
 
""""
i
m
a
g
e
s
_
i
c
o
n
/
c
p
u
.
p
n
g
""""
}
","
 
{
""""
i
d
""""
:
 
3
1
","
 
""""
T
e
x
t
""""
:
 
""""
G
e
n
e
r
i
c
 
M
e
m
o
r
y
""""
","
 
""""
C
h
i
l
d
r
e
n
""""
:
 
[
{
""""
i
d
""""
:
 
3
2
","
 
""""
T
e
x
t
""""
:
 
""""
L
o
a
d
""""
","
 
""""
C
h
i
l
d
r
e
n
""""
:
 
[
{
""""
i
d
""""
:
 
3
3
","
 
""""
T
e
x
t
""""
:
 
""""
M
e
m
o
r
y
""""
","
 
""""
C
h
i
l
d
r
e
n
""""
:
 
[
]
","
 
""""
M
i
n
""""
:
 
""""
4
0
","
2
 
%
""""
","
 
""""
V
a
l
u
e
""""
:
 
""""
5
0
","
0
 
%
""""
","
 
""""
M
a
x
""""
:
 
""""
5
0
","
4
 
%
""""
","
 
""""
I
m
a
g
e
U
R
L
""""
:
 
""""
i
m
a
g
e
s
/
t
r
a
n
s
p
a
r
e
n
t
.
p
n
g
""""
}
]
","
 
""""
M
i
n
""""
:
 
""""
""""
","
 
""""
V
a
l
u
e
""""
:
 
""""
""""
","
 
""""
M
a
x
""""
:
 
""""
""""
","
 
""""
I
m
a
g
e
U
R
L
""""
:
 
""""
i
m
a
g
e
s
_
i
c
o
n
/
l
o
a
d
.
p
n
g
""""
}
","
 
{
""""
i
d
""""
:
 
3
4
","
 
""""
T
e
x
t
""""
:
 
""""
D
a
t
a
""""
","
 
""""
C
h
i
l
d
r
e
n
""""
:
 
[
{
""""
i
d
""""
:
 
3
5
","
 
""""
T
e
x
t
""""
:
 
""""
U
s
e
d
 
M
e
m
o
r
y
""""
","
 
""""
C
h
i
l
d
r
e
n
""""
:
 
[
]
","
 
""""
M
i
n
""""
:
 
""""
6
","
4
 
G
B
""""
","
 
""""
V
a
l
u
e
""""
:
 
""""
8
","
0
 
G
B
""""
","
 
""""
M
a
x
""""
:
 
""""
8
","
0
 
G
B
""""
","
 
""""
I
m
a
g
e
U
R
L
""""
:
 
""""
i
m
a
g
e
s
/
t
r
a
n
s
p
a
r
e
n
t
.
p
n
g
""""
}
","
 
{
""""
i
d
""""
:
 
3
6
","
 
""""
T
e
x
t
""""
:
 
""""
A
v
a
i
l
a
b
l
e
 
M
e
m
o
r
y
""""
","
 
""""
C
h
i
l
d
r
e
n
""""
:
 
[
]
","
 
""""
M
i
n
""""
:
 
""""
7
","
9
 
G
B
""""
","
 
""""
V
a
l
u
e
""""
:
 
""""
8
","
0
 
G
B
""""
","
 
""""
M
a
x
""""
:
 
""""
9
","
5
 
G
B
""""
","
 
""""
I
m
a
g
e
U
R
L
""""
:
 
""""
i
m
a
g
e
s
/
t
r
a
n
s
p
a
r
e
n
t
.
p
n
g
""""
}
]
","
 
""""
M
i
n
""""
:
 
""""
""""
","
 
""""
V
a
l
u
e
""""
:
 
""""
""""
","
 
""""
M
a
x
""""
:
 
""""
""""
","
 
""""
I
m
a
g
e
U
R
L
""""
:
 
""""
i
m
a
g
e
s
_
i
c
o
n
/
p
o
w
e
r
.
p
n
g
""""
}
]
","
 
""""
M
i
n
""""
:
 
""""
""""
","
 
""""
V
a
l
u
e
""""
:
 
""""
""""
","
 
""""
M
a
x
""""
:
 
""""
""""
","
 
""""
I
m
a
g
e
U
R
L
""""
:
 
""""
i
m
a
g
e
s
_
i
c
o
n
/
r
a
m
.
p
n
g
""""
}
","
 
{
""""
i
d
""""
:
 
3
7
","
 
""""
T
e
x
t
""""
:
 
""""
N
V
I
D
I
A
 
N
V
I
D
I
A
 
G
e
F
o
r
c
e
 
G
T
X
 
1
0
5
0
 
T
i
""""
","
 
""""
C
h
i
l
d
r
e
n
""""
:
 
[
{
""""
i
d
""""
:
 
3
8
","
 
""""
T
e
x
t
""""
:
 
""""
C
l
o
c
k
s
""""
","
 
""""
C
h
i
l
d
r
e
n
""""
:
 
[
{
""""
i
d
""""
:
 
3
9
","
 
""""
T
e
x
t
""""
:
 
""""
G
P
U
 
C
o
r
e
""""
","
 
""""
C
h
i
l
d
r
e
n
""""
:
 
[
]
","
 
""""
M
i
n
""""
:
 
""""
1
3
5
4
","
0
 
M
H
z
""""
","
 
""""
V
a
l
u
e
""""
:
 
""""
1
3
5
4
","
0
 
M
H
z
""""
","
 
""""
M
a
x
""""
:
 
""""
1
7
8
4
","
5
 
M
H
z
""""
","
 
""""
I
m
a
g
e
U
R
L
""""
:
 
""""
i
m
a
g
e
s
/
t
r
a
n
s
p
a
r
e
n
t
.
p
n
g
""""
}
","
 
{
""""
i
d
""""
:
 
4
0
","
 
""""
T
e
x
t
""""
:
 
""""
G
P
U
 
M
e
m
o
r
y
""""
","
 
""""
C
h
i
l
d
r
e
n
""""
:
 
[
]
","
 
""""
M
i
n
""""
:
 
""""
3
5
0
4
","
0
 
M
H
z
""""
","
 
""""
V
a
l
u
e
""""
:
 
""""
3
5
0
4
","
0
 
M
H
z
""""
","
 
""""
M
a
x
""""
:
 
""""
3
5
0
4
","
0
 
M
H
z
""""
","
 
""""
I
m
a
g
e
U
R
L
""""
:
 
""""
i
m
a
g
e
s
/
t
r
a
n
s
p
a
r
e
n
t
.
p
n
g
""""
}
","
 
{
""""
i
d
""""
:
 
4
1
","
 
""""
T
e
x
t
""""
:
 
""""
G
P
U
 
S
h
a
d
e
r
""""
","
 
""""
C
h
i
l
d
r
e
n
""""
:
 
[
]
","
 
""""
M
i
n
""""
:
 
""""
2
7
0
8
","
0
 
M
H
z
""""
","
 
""""
V
a
l
u
e
""""
:
 
""""
2
7
0
8
","
0
 
M
H
z
""""
","
 
""""
M
a
x
""""
:
 
""""
3
5
6
9
","
0
 
M
H
z
""""
","
 
""""
I
m
a
g
e
U
R
L
""""
:
 
""""
i
m
a
g
e
s
/
t
r
a
n
s
p
a
r
e
n
t
.
p
n
g
""""
}
]
","
 
""""
M
i
n
""""
:
 
""""
""""
","
 
""""
V
a
l
u
e
""""
:
 
""""
""""
","
 
""""
M
a
x
""""
:
 
""""
""""
","
 
""""
I
m
a
g
e
U
R
L
""""
:
 
""""
i
m
a
g
e
s
_
i
c
o
n
/
c
l
o
c
k
.
p
n
g
""""
}
","
 
{
""""
i
d
""""
:
 
4
2
","
 
""""
T
e
x
t
""""
:
 
""""
T
e
m
p
e
r
a
t
u
r
e
s
""""
","
 
""""
C
h
i
l
d
r
e
n
""""
:
 
[
{
""""
i
d
""""
:
 
4
3
","
 
""""
T
e
x
t
""""
:
 
""""
G
P
U
 
C
o
r
e
""""
","
 
""""
C
h
i
l
d
r
e
n
""""
:
 
[
]
","
 
""""
M
i
n
""""
:
 
""""
5
3
","
0
 

C
""""
","
 
""""
V
a
l
u
e
""""
:
 
""""
5
4
","
0
 

C
""""
","
 
""""
M
a
x
""""
:
 
""""
5
8
","
0
 

C
""""
","
 
""""
I
m
a
g
e
U
R
L
""""
:
 
""""
i
m
a
g
e
s
/
t
r
a
n
s
p
a
r
e
n
t
.
p
n
g
""""
}
]
","
 
""""
M
i
n
""""
:
 
""""
""""
","
 
""""
V
a
l
u
e
""""
:
 
""""
""""
","
 
""""
M
a
x
""""
:
 
""""
""""
","
 
""""
I
m
a
g
e
U
R
L
""""
:
 
""""
i
m
a
g
e
s
_
i
c
o
n
/
t
e
m
p
e
r
a
t
u
r
e
.
p
n
g
""""
}
","
 
{
""""
i
d
""""
:
 
4
4
","
 
""""
T
e
x
t
""""
:
 
""""
L
o
a
d
""""
","
 
""""
C
h
i
l
d
r
e
n
""""
:
 
[
{
""""
i
d
""""
:
 
4
5
","
 
""""
T
e
x
t
""""
:
 
""""
G
P
U
 
C
o
r
e
""""
","
 
""""
C
h
i
l
d
r
e
n
""""
:
 
[
]
","
 
""""
M
i
n
""""
:
 
""""
0
","
0
 
%
""""
","
 
""""
V
a
l
u
e
""""
:
 
""""
7
","
0
 
%
""""
","
 
""""
M
a
x
""""
:
 
""""
1
9
","
0
 
%
""""
","
 
""""
I
m
a
g
e
U
R
L
""""
:
 
""""
i
m
a
g
e
s
/
t
r
a
n
s
p
a
r
e
n
t
.
p
n
g
""""
}
","
 
{
""""
i
d
""""
:
 
4
6
","
 
""""
T
e
x
t
""""
:
 
""""
G
P
U
 
F
r
a
m
e
 
B
u
f
f
e
r
""""
","
 
""""
C
h
i
l
d
r
e
n
""""
:
 
[
]
","
 
""""
M
i
n
""""
:
 
""""
1
","
0
 
%
""""
","
 
""""
V
a
l
u
e
""""
:
 
""""
5
","
0
 
%
""""
","
 
""""
M
a
x
""""
:
 
""""
1
4
","
0
 
%
""""
","
 
""""
I
m
a
g
e
U
R
L
""""
:
 
""""
i
m
a
g
e
s
/
t
r
a
n
s
p
a
r
e
n
t
.
p
n
g
""""
}
","
 
{
""""
i
d
""""
:
 
4
7
","
 
""""
T
e
x
t
""""
:
 
""""
G
P
U
 
V
i
d
e
o
 
E
n
g
i
n
e
""""
","
 
""""
C
h
i
l
d
r
e
n
""""
:
 
[
]
","
 
""""
M
i
n
""""
:
 
""""
0
","
0
 
%
""""
","
 
""""
V
a
l
u
e
""""
:
 
""""
0
","
0
 
%
""""
","
 
""""
M
a
x
""""
:
 
""""
9
8
","
0
 
%
""""
","
 
""""
I
m
a
g
e
U
R
L
""""
:
 
""""
i
m
a
g
e
s
/
t
r
a
n
s
p
a
r
e
n
t
.
p
n
g
""""
}
","
 
{
""""
i
d
""""
:
 
4
8
","
 
""""
T
e
x
t
""""
:
 
""""
G
P
U
 
B
u
s
 
I
n
t
e
r
f
a
c
e
""""
","
 
""""
C
h
i
l
d
r
e
n
""""
:
 
[
]
","
 
""""
M
i
n
""""
:
 
""""
0
","
0
 
%
""""
","
 
""""
V
a
l
u
e
""""
:
 
""""
0
","
0
 
%
""""
","
 
""""
M
a
x
""""
:
 
""""
2
","
0
 
%
""""
","
 
""""
I
m
a
g
e
U
R
L
""""
:
 
""""
i
m
a
g
e
s
/
t
r
a
n
s
p
a
r
e
n
t
.
p
n
g
""""
}
","
 
{
""""
i
d
""""
:
 
4
9
","
 
""""
T
e
x
t
""""
:
 
""""
G
P
U
 
M
e
m
o
r
y
""""
","
 
""""
C
h
i
l
d
r
e
n
""""
:
 
[
]
","
 
""""
M
i
n
""""
:
 
""""
2
5
","
2
 
%
""""
","
 
""""
V
a
l
u
e
""""
:
 
""""
3
5
","
0
 
%
""""
","
 
""""
M
a
x
""""
:
 
""""
4
5
","
7
 
%
""""
","
 
""""
I
m
a
g
e
U
R
L
""""
:
 
""""
i
m
a
g
e
s
/
t
r
a
n
s
p
a
r
e
n
t
.
p
n
g
""""
}
]
","
 
""""
M
i
n
""""
:
 
""""
""""
","
 
""""
V
a
l
u
e
""""
:
 
""""
""""
","
 
""""
M
a
x
""""
:
 
""""
""""
","
 
""""
I
m
a
g
e
U
R
L
""""
:
 
""""
i
m
a
g
e
s
_
i
c
o
n
/
l
o
a
d
.
p
n
g
""""
}
","
 
{
""""
i
d
""""
:
 
5
0
","
 
""""
T
e
x
t
""""
:
 
""""
F
a
n
s
""""
","
 
""""
C
h
i
l
d
r
e
n
""""
:
 
[
{
""""
i
d
""""
:
 
5
1
","
 
""""
T
e
x
t
""""
:
 
""""
G
P
U
""""
","
 
""""
C
h
i
l
d
r
e
n
""""
:
 
[
]
","
 
""""
M
i
n
""""
:
 
""""
0
 
R
P
M
""""
","
 
""""
V
a
l
u
e
""""
:
 
""""
0
 
R
P
M
""""
","
 
""""
M
a
x
""""
:
 
""""
0
 
R
P
M
""""
","
 
""""
I
m
a
g
e
U
R
L
""""
:
 
""""
i
m
a
g
e
s
/
t
r
a
n
s
p
a
r
e
n
t
.
p
n
g
""""
}
]
","
 
""""
M
i
n
""""
:
 
""""
""""
","
 
""""
V
a
l
u
e
""""
:
 
""""
""""
","
 
""""
M
a
x
""""
:
 
""""
""""
","
 
""""
I
m
a
g
e
U
R
L
""""
:
 
""""
i
m
a
g
e
s
_
i
c
o
n
/
f
a
n
.
p
n
g
""""
}
","
 
{
""""
i
d
""""
:
 
5
2
","
 
""""
T
e
x
t
""""
:
 
""""
C
o
n
t
r
o
l
s
""""
","
 
""""
C
h
i
l
d
r
e
n
""""
:
 
[
{
""""
i
d
""""
:
 
5
3
","
 
""""
T
e
x
t
""""
:
 
""""
G
P
U
 
F
a
n
""""
","
 
""""
C
h
i
l
d
r
e
n
""""
:
 
[
]
","
 
""""
M
i
n
""""
:
 
""""
0
","
0
 
%
""""
","
 
""""
V
a
l
u
e
""""
:
 
""""
0
","
0
 
%
""""
","
 
""""
M
a
x
""""
:
 
""""
0
","
0
 
%
""""
","
 
""""
I
m
a
g
e
U
R
L
""""
:
 
""""
i
m
a
g
e
s
/
t
r
a
n
s
p
a
r
e
n
t
.
p
n
g
""""
}
]
","
 
""""
M
i
n
""""
:
 
""""
""""
","
 
""""
V
a
l
u
e
""""
:
 
""""
""""
","
 
""""
M
a
x
""""
:
 
""""
""""
","
 
""""
I
m
a
g
e
U
R
L
""""
:
 
""""
i
m
a
g
e
s
_
i
c
o
n
/
c
o
n
t
r
o
l
.
p
n
g
""""
}
","
 
{
""""
i
d
""""
:
 
5
4
","
 
""""
T
e
x
t
""""
:
 
""""
D
a
t
a
""""
","
 
""""
C
h
i
l
d
r
e
n
""""
:
 
[
{
""""
i
d
""""
:
 
5
5
","
 
""""
T
e
x
t
""""
:
 
""""
G
P
U
 
M
e
m
o
r
y
 
F
r
e
e
""""
","
 
""""
C
h
i
l
d
r
e
n
""""
:
 
[
]
","
 
""""
M
i
n
""""
:
 
""""
2
2
2
3
","
1
 
M
B
""""
","
 
""""
V
a
l
u
e
""""
:
 
""""
2
6
6
4
","
0
 
M
B
""""
","
 
""""
M
a
x
""""
:
 
""""
3
0
6
2
","
2
 
M
B
""""
","
 
""""
I
m
a
g
e
U
R
L
""""
:
 
""""
i
m
a
g
e
s
/
t
r
a
n
s
p
a
r
e
n
t
.
p
n
g
""""
}
","
 
{
""""
i
d
""""
:
 
5
6
","
 
""""
T
e
x
t
""""
:
 
""""
G
P
U
 
M
e
m
o
r
y
 
U
s
e
d
""""
","
 
""""
C
h
i
l
d
r
e
n
""""
:
 
[
]
","
 
""""
M
i
n
""""
:
 
""""
1
0
3
3
","
8
 
M
B
""""
","
 
""""
V
a
l
u
e
""""
:
 
""""
1
4
3
2
","
0
 
M
B
""""
","
 
""""
M
a
x
""""
:
 
""""
1
8
7
2
","
9
 
M
B
""""
","
 
""""
I
m
a
g
e
U
R
L
""""
:
 
""""
i
m
a
g
e
s
/
t
r
a
n
s
p
a
r
e
n
t
.
p
n
g
""""
}
","
 
{
""""
i
d
""""
:
 
5
7
","
 
""""
T
e
x
t
""""
:
 
""""
G
P
U
 
M
e
m
o
r
y
 
T
o
t
a
l
""""
","
 
""""
C
h
i
l
d
r
e
n
""""
:
 
[
]
","
 
""""
M
i
n
""""
:
 
""""
4
0
9
6
","
0
 
M
B
""""
","
 
""""
V
a
l
u
e
""""
:
 
""""
4
0
9
6
","
0
 
M
B
""""
","
 
""""
M
a
x
""""
:
 
""""
4
0
9
6
","
0
 
M
B
""""
","
 
""""
I
m
a
g
e
U
R
L
""""
:
 
""""
i
m
a
g
e
s
/
t
r
a
n
s
p
a
r
e
n
t
.
p
n
g
""""
}
]
","
 
""""
M
i
n
""""
:
 
""""
""""
","
 
""""
V
a
l
u
e
""""
:
 
""""
""""
","
 
""""
M
a
x
""""
:
 
""""
""""
","
 
""""
I
m
a
g
e
U
R
L
""""
:
 
""""
i
m
a
g
e
s
_
i
c
o
n
/
p
o
w
e
r
.
p
n
g
""""
}
","
 
{
""""
i
d
""""
:
 
5
8
","
 
""""
T
e
x
t
""""
:
 
""""
T
h
r
o
u
g
h
p
u
t
""""
","
 
""""
C
h
i
l
d
r
e
n
""""
:
 
[
{
""""
i
d
""""
:
 
5
9
","
 
""""
T
e
x
t
""""
:
 
""""
G
P
U
 
P
C
I
E
 
R
x
""""
","
 
""""
C
h
i
l
d
r
e
n
""""
:
 
[
]
","
 
""""
M
i
n
""""
:
 
""""
0
","
0
 
K
B
/
s
""""
","
 
""""
V
a
l
u
e
""""
:
 
""""
2
3
","
4
 
M
B
/
s
""""
","
 
""""
M
a
x
""""
:
 
""""
4
5
4
","
1
 
M
B
/
s
""""
","
 
""""
I
m
a
g
e
U
R
L
""""
:
 
""""
i
m
a
g
e
s
/
t
r
a
n
s
p
a
r
e
n
t
.
p
n
g
""""
}
","
 
{
""""
i
d
""""
:
 
6
0
","
 
""""
T
e
x
t
""""
:
 
""""
G
P
U
 
P
C
I
E
 
T
x
""""
","
 
""""
C
h
i
l
d
r
e
n
""""
:
 
[
]
","
 
""""
M
i
n
""""
:
 
""""
0
","
0
 
K
B
/
s
""""
","
 
""""
V
a
l
u
e
""""
:
 
""""
1
0
0
0
","
0
 
K
B
/
s
""""
","
 
""""
M
a
x
""""
:
 
""""
6
1
","
5
 
M
B
/
s
""""
","
 
""""
I
m
a
g
e
U
R
L
""""
:
 
""""
i
m
a
g
e
s
/
t
r
a
n
s
p
a
r
e
n
t
.
p
n
g
""""
}
]
","
 
""""
M
i
n
""""
:
 
""""
""""
","
 
""""
V
a
l
u
e
""""
:
 
""""
""""
","
 
""""
M
a
x
""""
:
 
""""
""""
","
 
""""
I
m
a
g
e
U
R
L
""""
:
 
""""
i
m
a
g
e
s
_
i
c
o
n
/
p
o
w
e
r
.
p
n
g
""""
}
]
","
 
""""
M
i
n
""""
:
 
""""
""""
","
 
""""
V
a
l
u
e
""""
:
 
""""
""""
","
 
""""
M
a
x
""""
:
 
""""
""""
","
 
""""
I
m
a
g
e
U
R
L
""""
:
 
""""
i
m
a
g
e
s
_
i
c
o
n
/
n
v
i
d
i
a
.
p
n
g
""""
}
","
 
{
""""
i
d
""""
:
 
6
1
","
 
""""
T
e
x
t
""""
:
 
""""
W
D
C
 
W
D
1
0
E
Z
E
X
-
0
0
W
N
4
A
0
""""
","
 
""""
C
h
i
l
d
r
e
n
""""
:
 
[
{
""""
i
d
""""
:
 
6
2
","
 
""""
T
e
x
t
""""
:
 
""""
T
e
m
p
e
r
a
t
u
r
e
s
""""
","
 
""""
C
h
i
l
d
r
e
n
""""
:
 
[
{
""""
i
d
""""
:
 
6
3
","
 
""""
T
e
x
t
""""
:
 
""""
T
e
m
p
e
r
a
t
u
r
e
""""
","
 
""""
C
h
i
l
d
r
e
n
""""
:
 
[
]
","
 
""""
M
i
n
""""
:
 
""""
3
2
","
0
 

C
""""
","
 
""""
V
a
l
u
e
""""
:
 
""""
3
2
","
0
 

C
""""
","
 
""""
M
a
x
""""
:
 
""""
3
3
","
0
 

C
""""
","
 
""""
I
m
a
g
e
U
R
L
""""
:
 
""""
i
m
a
g
e
s
/
t
r
a
n
s
p
a
r
e
n
t
.
p
n
g
""""
}
]
","
 
""""
M
i
n
""""
:
 
""""
""""
","
 
""""
V
a
l
u
e
""""
:
 
""""
""""
","
 
""""
M
a
x
""""
:
 
""""
""""
","
 
""""
I
m
a
g
e
U
R
L
""""
:
 
""""
i
m
a
g
e
s
_
i
c
o
n
/
t
e
m
p
e
r
a
t
u
r
e
.
p
n
g
""""
}
","
 
{
""""
i
d
""""
:
 
6
4
","
 
""""
T
e
x
t
""""
:
 
""""
L
o
a
d
""""
","
 
""""
C
h
i
l
d
r
e
n
""""
:
 
[
{
""""
i
d
""""
:
 
6
5
","
 
""""
T
e
x
t
""""
:
 
""""
U
s
e
d
 
S
p
a
c
e
""""
","
 
""""
C
h
i
l
d
r
e
n
""""
:
 
[
]
","
 
""""
M
i
n
""""
:
 
""""
8
6
","
6
 
%
""""
","
 
""""
V
a
l
u
e
""""
:
 
""""
8
6
","
7
 
%
""""
","
 
""""
M
a
x
""""
:
 
""""
8
6
","
7
 
%
""""
","
 
""""
I
m
a
g
e
U
R
L
""""
:
 
""""
i
m
a
g
e
s
/
t
r
a
n
s
p
a
r
e
n
t
.
p
n
g
""""
}
]
","
 
""""
M
i
n
""""
:
 
""""
""""
","
 
""""
V
a
l
u
e
""""
:
 
""""
""""
","
 
""""
M
a
x
""""
:
 
""""
""""
","
 
""""
I
m
a
g
e
U
R
L
""""
:
 
""""
i
m
a
g
e
s
_
i
c
o
n
/
l
o
a
d
.
p
n
g
""""
}
]
","
 
""""
M
i
n
""""
:
 
""""
""""
","
 
""""
V
a
l
u
e
""""
:
 
""""
""""
","
 
""""
M
a
x
""""
:
 
""""
""""
","
 
""""
I
m
a
g
e
U
R
L
""""
:
 
""""
i
m
a
g
e
s
_
i
c
o
n
/
h
d
d
.
p
n
g
""""
}
]
","
 
""""
M
i
n
""""
:
 
""""
""""
","
 
""""
V
a
l
u
e
""""
:
 
""""
""""
","
 
""""
M
a
x
""""
:
 
""""
""""
","
 
""""
I
m
a
g
e
U
R
L
""""
:
 
""""
i
m
a
g
e
s
_
i
c
o
n
/
c
o
m
p
u
t
e
r
.
p
n
g
""""
}
]
","
 
""""
M
i
n
""""
:
 
""""
M
i
n
""""
","
 
""""
V
a
l
u
e
""""
:
 
""""
V
a
l
u
e
""""
","
 
""""
M
a
x
""""
:
 
""""
M
a
x
""""
","
 
""""
I
m
a
g
e
U
R
L
""""
:
 
""""
""""
}
